1100015 ;24392
1100023 ;90353
1100031 ;6313
1100049 ;78574
1100056 ;17029
1100064 ;18591
1100072 ;8783
1100080 ;13678
1100098 ;28729
1100106 ;41656
1100114 ;52005
1100122 ;116610
1100130 ;31135
1100148 ;19874
1100155 ;37928
1100189 ;33822
1100205 ;428527
1100254 ;22319
1100262 ;3316
1100288 ;50648
1100296 ;8886
1100304 ;76202
1100320 ;21828
1100338 ;22546
1100346 ;16853
1100379 ;12816
1100403 ;17135
1100452 ;32383
1100502 ;10240
1100601 ;5736
1100700 ;12665
1100809 ;19779
1100908 ;3575
1100924 ;8301
1100940 ;15854
1101005 ;10512
1101104 ;8566
1101203 ;10352
1101302 ;11878
1101401 ;14091
1101435 ;7493
1101450 ;4810
1101468 ;2315
1101476 ;3524
1101484 ;6018
1101492 ;16035
1101500 ;11629
1101559 ;4888
1101609 ;10649
1101708 ;12974
1101757 ;9384
1101807 ;8210
1200013 ;12538
1200054 ;6072
1200104 ;21398
1200138 ;8471
1200179 ;8798
1200203 ;78507
1200252 ;15100
1200302 ;32412
1200328 ;6577
1200336 ;15206
1200344 ;7981
1200351 ;14227
1200385 ;17209
1200393 ;9176
1200401 ;336038
1200427 ;14389
1200435 ;4691
1200450 ;20179
1200500 ;38029
1200609 ;35590
1200708 ;16091
1200807 ;14880
1300029 ;14088
1300060 ;9467
1300086 ;10214
1300102 ;16317
1300144 ;18007
1300201 ;15153
1300300 ;32135
1300409 ;25718
1300508 ;27355
1300607 ;33411
1300631 ;15486
1300680 ;14979
1300706 ;30632
1300805 ;34961
1300839 ;10975
1300904 ;12738
1301001 ;25774
1301100 ;32734
1301159 ;23930
1301209 ;75965
1301308 ;23206
1301407 ;30665
1301506 ;16338
1301605 ;22817
1301654 ;13974
1301704 ;44227
1301803 ;22254
1301852 ;40781
1301902 ;86839
1301951 ;8038
1302009 ;8211
1302108 ;7326
1302207 ;10802
1302306 ;17992
1302405 ;37701
1302504 ;85141
1302553 ;22801
1302603 ;1802014
1302702 ;47017
1302801 ;17528
1302900 ;52236
1303007 ;18278
1303106 ;30696
1303205 ;14723
1303304 ;21451
1303403 ;102033
1303502 ;18166
1303536 ;27175
1303569 ;25719
1303601 ;18146
1303700 ;24481
1303809 ;37896
1303908 ;31422
1303957 ;10705
1304005 ;8444
1304062 ;52272
1304104 ;19077
1304203 ;61453
1304237 ;17079
1304260 ;11891
1304302 ;17094
1304401 ;17837
1400027 ;9327
1400050 ;16448
1400100 ;284313
1400159 ;10943
1400175 ;13902
1400209 ;18398
1400233 ;8114
1400282 ;8696
1400308 ;14792
1400407 ;8940
1400456 ;10433
1400472 ;24279
1400506 ;6769
1400605 ;6750
1400704 ;8375
1500107 ;141100
1500131 ;6780
1500206 ;53569
1500305 ;35042
1500347 ;25057
1500404 ;52626
1500503 ;33614
1500602 ;99075
1500701 ;24759
1500800 ;471980
1500859 ;20543
1500909 ;40497
1500958 ;26546
1501006 ;15849
1501105 ;23864
1501204 ;36882
1501253 ;3431
1501303 ;99859
1501402 ;1393399
1501451 ;16318
1501501 ;51651
1501576 ;15298
1501600 ;13630
1501709 ;113227
1501725 ;15690
1501758 ;7317
1501782 ;52493
1501808 ;92860
1501907 ;25695
1501956 ;26484
1502004 ;20443
1502103 ;120896
1502152 ;26716
1502202 ;63639
1502301 ;51893
1502400 ;173149
1502509 ;21005
1502608 ;11381
1502707 ;45557
1502756 ;28216
1502764 ;10466
1502772 ;18288
1502806 ;28549
1502855 ;12254
1502905 ;34294
1502939 ;51319
1502954 ;31786
1503002 ;8177
1503044 ;17768
1503077 ;25034
1503093 ;30436
1503101 ;29062
1503200 ;35887
1503309 ;58077
1503408 ;10037
1503457 ;51309
1503507 ;31364
1503606 ;97493
1503705 ;51220
1503754 ;14103
1503804 ;51360
1503903 ;47086
1504000 ;25021
1504059 ;27904
1504109 ;8115
1504208 ;233669
1504307 ;28376
1504406 ;26605
1504422 ;108246
1504455 ;27328
1504505 ;24808
1504604 ;26731
1504703 ;70018
1504802 ;55462
1504901 ;34204
1504950 ;20158
1504976 ;14645
1505007 ;13670
1505031 ;25124
1505064 ;62050
1505106 ;49333
1505205 ;28595
1505304 ;62794
1505403 ;16311
1505437 ;27359
1505486 ;39979
1505494 ;7475
1505502 ;97819
1505536 ;153908
1505551 ;6033
1505601 ;7854
1505635 ;12697
1505650 ;23934
1505700 ;25999
1505809 ;52172
1505908 ;33956
1506005 ;29349
1506104 ;10268
1506112 ;12411
1506138 ;75556
1506161 ;17697
1506187 ;46964
1506195 ;40087
1506203 ;37421
1506302 ;20183
1506351 ;17141
1506401 ;8155
1506500 ;59466
1506559 ;19424
1506583 ;17206
1506609 ;23026
1506708 ;56153
1506807 ;294580
1506906 ;6141
1507003 ;26674
1507102 ;16891
1507151 ;23130
1507201 ;29846
1507300 ;91340
1507409 ;15060
1507458 ;25587
1507466 ;5265
1507474 ;20647
1507508 ;13155
1507607 ;51567
1507706 ;22904
1507755 ;5047
1507805 ;13045
1507904 ;23001
1507953 ;79297
1507961 ;10262
1507979 ;16949
1508001 ;56518
1508035 ;27455
1508050 ;16875
1508084 ;33690
1508100 ;97128
1508126 ;43341
1508159 ;44789
1508209 ;47889
1508308 ;56716
1508357 ;13431
1508407 ;40573
1600055 ;4380
1600105 ;8069
1600154 ;10772
1600204 ;9000
1600212 ;4696
1600238 ;5802
1600253 ;4265
1600279 ;39942
1600303 ;398204
1600402 ;17032
1600501 ;20509
1600535 ;16809
1600550 ;3793
1600600 ;101262
1600709 ;12563
1600808 ;12428
1700251 ;2391
1700301 ;5162
1700350 ;5671
1700400 ;7586
1700707 ;8374
1701002 ;9865
1701051 ;3175
1701101 ;4213
1701309 ;5882
1701903 ;6317
1702000 ;8786
1702109 ;150484
1702158 ;5030
1702208 ;31329
1702307 ;6742
1702406 ;10645
1702554 ;15950
1702703 ;3446
1702901 ;9275
1703008 ;10424
1703057 ;3122
1703073 ;4123
1703107 ;5349
1703206 ;4456
1703305 ;3768
1703602 ;2064
1703701 ;5185
1703800 ;9768
1703826 ;2148
1703842 ;8139
1703867 ;3756
1703883 ;2316
1703891 ;3688
1703909 ;4601
1704105 ;2566
1704600 ;1335
1705102 ;3277
1705508 ;30838
1705557 ;4669
1705607 ;4182
1706001 ;5009
1706100 ;7234
1706258 ;1564
1706506 ;5273
1707009 ;19112
1707108 ;6363
1707207 ;7161
1707306 ;4592
1707405 ;9476
1707553 ;3805
1707652 ;5340
1707702 ;8505
1708205 ;18427
1708254 ;2419
1708304 ;4956
1709005 ;12064
1709302 ;23200
1709500 ;76755
1709807 ;1639
1710508 ;7104
1710706 ;6029
1710904 ;3532
1711100 ;2445
1711506 ;3507
1711803 ;2231
1711902 ;10210
1711951 ;3525
1712009 ;2773
1712157 ;1605
1712405 ;3725
1712454 ;2622
1712504 ;4352
1712702 ;2223
1712801 ;3154
1713205 ;20684
1713304 ;12623
1713601 ;6716
1713700 ;2085
1713809 ;5740
1713957 ;3152
1714203 ;9000
1714302 ;4386
1714880 ;10686
1715002 ;3770
1715101 ;3762
1715150 ;2286
1715259 ;2457
1715507 ;1037
1715705 ;4954
1715754 ;7339
1716109 ;44417
1716208 ;10338
1716307 ;4588
1716505 ;11539
1716604 ;10384
1716653 ;5054
1716703 ;8611
1717008 ;4506
1717206 ;2920
1717503 ;6694
1717800 ;4544
1717909 ;7180
1718006 ;2796
1718204 ;49146
1718303 ;7659
1718402 ;3681
1718451 ;2369
1718501 ;3768
1718550 ;4191
1718659 ;1714
1718709 ;2570
1718758 ;6254
1718808 ;3864
1718840 ;3326
1718865 ;6599
1718881 ;2894
1718899 ;2128
1718907 ;4568
1719004 ;2523
1720002 ;2474
1720101 ;4608
1720150 ;1437
1720200 ;10481
1720259 ;2910
1720309 ;4283
1720499 ;4383
1720655 ;5068
1720804 ;9148
1720853 ;1742
1720903 ;15051
1720937 ;1945
1720978 ;2562
1721000 ;228332
1721109 ;6736
1721208 ;22619
1721257 ;1574
1721307 ;2097
1722081 ;10981
1722107 ;11484
2100055 ;104047
2100105 ;5905
2100154 ;11581
2100204 ;21851
2100303 ;23952
2100402 ;11063
2100436 ;24599
2100477 ;31057
2100501 ;10766
2100550 ;6431
2100600 ;37932
2100709 ;25291
2100808 ;13939
2100832 ;14959
2100873 ;13973
2100907 ;42505
2100956 ;31702
2101004 ;28488
2101103 ;11407
2101202 ;100014
2101251 ;14925
2101301 ;16604
2101350 ;5293
2101400 ;83528
2101509 ;17841
2101608 ;82830
2101707 ;54930
2101731 ;6524
2101772 ;12049
2101806 ;5469
2101905 ;20344
2101939 ;5996
2101970 ;7949
2102002 ;39049
2102036 ;28459
2102077 ;14818
2102101 ;33359
2102150 ;5577
2102200 ;27013
2102309 ;22899
2102325 ;65237
2102358 ;14784
2102374 ;8446
2102408 ;10593
2102507 ;18338
2102556 ;13369
2102606 ;18505
2102705 ;20448
2102754 ;10698
2102804 ;23959
2102903 ;22006
2103000 ;155129
2103109 ;10297
2103125 ;7887
2103158 ;12565
2103174 ;17622
2103208 ;73350
2103257 ;13681
2103307 ;118038
2103406 ;46750
2103505 ;39132
2103554 ;14436
2103604 ;61725
2103703 ;32652
2103752 ;12579
2103802 ;22681
2103901 ;10649
2104008 ;18452
2104057 ;35835
2104073 ;8126
2104081 ;9241
2104099 ;17757
2104107 ;11646
2104206 ;15098
2104305 ;10635
2104404 ;17482
2104503 ;10205
2104552 ;15895
2104602 ;15991
2104628 ;7337
2104651 ;11921
2104677 ;25401
2104701 ;6140
2104800 ;62093
2104909 ;12081
2105005 ;26189
2105104 ;25145
2105153 ;12550
2105203 ;11041
2105302 ;247505
2105351 ;14297
2105401 ;62110
2105427 ;24863
2105450 ;8526
2105476 ;15440
2105500 ;20381
2105609 ;15433
2105658 ;4020
2105708 ;46083
2105807 ;10729
2105906 ;15412
2105922 ;10934
2105948 ;7794
2105963 ;10517
2105989 ;6923
2106003 ;11423
2106102 ;11390
2106201 ;6510
2106300 ;17587
2106326 ;19155
2106359 ;8051
2106375 ;14065
2106409 ;15150
2106508 ;21885
2106607 ;31015
2106631 ;13794
2106672 ;8118
2106706 ;20452
2106755 ;24427
2106805 ;14218
2106904 ;31738
2107001 ;9413
2107100 ;17783
2107209 ;12464
2107258 ;4885
2107308 ;4590
2107357 ;19134
2107407 ;18601
2107456 ;13181
2107506 ;105121
2107605 ;18764
2107704 ;20103
2107803 ;34586
2107902 ;17562
2108009 ;18067
2108058 ;14519
2108108 ;20079
2108207 ;39448
2108256 ;22732
2108306 ;34267
2108405 ;13803
2108454 ;21201
2108504 ;31152
2108603 ;78162
2108702 ;22016
2108801 ;17381
2108900 ;19708
2109007 ;21530
2109056 ;6030
2109106 ;44731
2109205 ;11541
2109239 ;6374
2109270 ;17165
2109304 ;10717
2109403 ;13954
2109452 ;26327
2109502 ;20209
2109551 ;7318
2109601 ;39576
2109700 ;5487
2109759 ;7061
2109809 ;39110
2109908 ;77282
2110005 ;74043
2110039 ;22644
2110104 ;29191
2110203 ;32366
2110237 ;11661
2110278 ;13820
2110302 ;14288
2110401 ;17799
2110500 ;40736
2110609 ;26476
2110658 ;6983
2110708 ;33607
2110807 ;4702
2110856 ;10261
2110906 ;12146
2111003 ;19920
2111029 ;12309
2111052 ;10814
2111078 ;17238
2111102 ;24928
2111201 ;163045
2111250 ;7496
2111300 ;1014837
2111409 ;20153
2111508 ;39093
2111532 ;12028
2111573 ;4425
2111607 ;17474
2111631 ;6090
2111672 ;5957
2111706 ;20863
2111722 ;11990
2111748 ;10256
2111763 ;17998
2111789 ;10940
2111805 ;17002
2111904 ;10444
2111953 ;4613
2112001 ;7796
2112100 ;27997
2112209 ;155460
2112233 ;18953
2112274 ;5596
2112308 ;39183
2112407 ;33933
2112456 ;22846
2112506 ;52788
2112605 ;24573
2112704 ;49412
2112803 ;49496
2112852 ;11258
2112902 ;31217
2113009 ;31658
2114007 ;50173
2200053 ;6749
2200103 ;5098
2200202 ;16451
2200251 ;7341
2200277 ;5153
2200301 ;13646
2200400 ;38822
2200459 ;5050
2200509 ;17135
2200608 ;6672
2200707 ;9098
2200806 ;3039
2200905 ;5779
2200954 ;2440
2201002 ;4688
2201051 ;7503
2201101 ;11067
2201150 ;10516
2201176 ;3852
2201200 ;44850
2201309 ;3234
2201408 ;6607
2201507 ;25774
2201556 ;3778
2201572 ;3284
2201606 ;9911
2201705 ;5319
2201739 ;6015
2201770 ;6296
2201804 ;4369
2201903 ;22629
2201919 ;5304
2201929 ;5393
2201945 ;6193
2201960 ;7966
2201988 ;3850
2202000 ;19074
2202026 ;7974
2202059 ;9928
2202075 ;3343
2202083 ;7163
2202091 ;5671
2202109 ;5408
2202117 ;4693
2202133 ;5592
2202174 ;6803
2202208 ;45177
2202251 ;3921
2202307 ;20020
2202406 ;10953
2202455 ;3878
2202505 ;10212
2202539 ;5525
2202554 ;4826
2202604 ;18336
2202653 ;5039
2202703 ;26036
2202711 ;4525
2202729 ;5572
2202737 ;3811
2202752 ;6036
2202778 ;7433
2202802 ;4475
2202851 ;4541
2202901 ;25407
2203008 ;7831
2203107 ;9981
2203206 ;10761
2203230 ;4704
2203255 ;4183
2203271 ;4869
2203305 ;13278
2203354 ;6675
2203404 ;6569
2203420 ;4264
2203453 ;9245
2203503 ;14512
2203602 ;4665
2203701 ;37767
2203750 ;5074
2203800 ;4366
2203859 ;2482
2203909 ;57690
2204006 ;5235
2204105 ;4477
2204154 ;2879
2204204 ;8592
2204303 ;11117
2204352 ;5475
2204402 ;10402
2204501 ;10268
2204550 ;4401
2204600 ;3771
2204659 ;8914
2204709 ;14845
2204808 ;9327
2204907 ;8221
2205003 ;11109
2205102 ;10678
2205151 ;5722
2205201 ;18035
2205250 ;4309
2205276 ;4656
2205300 ;4390
2205359 ;2960
2205409 ;13817
2205458 ;5100
2205508 ;37085
2205516 ;4757
2205524 ;5373
2205532 ;4517
2205540 ;2656
2205557 ;8008
2205565 ;4523
2205573 ;6422
2205581 ;3863
2205599 ;4850
2205607 ;5281
2205706 ;28406
2205805 ;24721
2205854 ;7816
2205904 ;5213
2205953 ;7812
2206001 ;4456
2206050 ;6220
2206100 ;10473
2206209 ;32289
2206308 ;1253
2206357 ;6769
2206407 ;10333
2206506 ;7391
2206605 ;10345
2206654 ;4068
2206670 ;6499
2206696 ;8464
2206704 ;7321
2206720 ;8068
2206753 ;4556
2206803 ;8206
2206902 ;6498
2206951 ;3260
2207009 ;35640
2207108 ;2626
2207207 ;6657
2207306 ;4059
2207355 ;3363
2207405 ;4993
2207504 ;13745
2207553 ;4147
2207603 ;10276
2207702 ;145705
2207751 ;4546
2207777 ;6105
2207793 ;3757
2207801 ;19785
2207850 ;3663
2207900 ;37496
2207934 ;2407
2207959 ;4187
2208007 ;73414
2208106 ;11733
2208205 ;17671
2208304 ;27553
2208403 ;61834
2208502 ;11897
2208551 ;2559
2208601 ;3085
2208650 ;8553
2208700 ;8400
2208809 ;17556
2208858 ;4241
2208874 ;4263
2208908 ;6845
2209005 ;6273
2209104 ;6027
2209153 ;3794
2209203 ;6096
2209302 ;5513
2209351 ;4917
2209377 ;5149
2209401 ;6007
2209450 ;2059
2209500 ;3648
2209559 ;4313
2209609 ;3069
2209658 ;5567
2209708 ;6298
2209757 ;2825
2209807 ;4754
2209856 ;4445
2209872 ;5608
2209906 ;6157
2209955 ;4651
2209971 ;7336
2210003 ;19548
2210052 ;5148
2210102 ;3700
2210201 ;6591
2210300 ;5675
2210359 ;4427
2210375 ;2561
2210383 ;2110
2210391 ;2976
2210409 ;18134
2210508 ;13639
2210607 ;32327
2210623 ;3560
2210631 ;4116
2210656 ;9619
2210706 ;14180
2210805 ;12077
2210904 ;4522
2210938 ;6229
2210953 ;2753
2210979 ;2620
2211001 ;814230
2211100 ;42654
2211209 ;20149
2211308 ;20326
2211357 ;4913
2211407 ;4336
2211506 ;2986
2211605 ;3076
2211704 ;4280
2300101 ;10496
2300150 ;15338
2300200 ;57551
2300309 ;51160
2300408 ;16203
2300507 ;10771
2300606 ;6856
2300705 ;16359
2300754 ;39232
2300804 ;6984
2300903 ;13925
2301000 ;72628
2301109 ;69159
2301208 ;25391
2301257 ;10491
2301307 ;20685
2301406 ;11529
2301505 ;7650
2301604 ;22445
2301703 ;24566
2301802 ;6026
2301851 ;17315
2301901 ;55323
2301950 ;19573
2302008 ;21514
2302057 ;14476
2302107 ;33321
2302206 ;49311
2302305 ;30878
2302404 ;52498
2302503 ;45193
2302602 ;60158
2302701 ;26506
2302800 ;74473
2302909 ;17062
2303006 ;20020
2303105 ;18347
2303204 ;26393
2303303 ;18567
2303402 ;16746
2303501 ;66142
2303600 ;18745
2303659 ;9952
2303709 ;325441
2303808 ;24527
2303907 ;12615
2303931 ;12853
2303956 ;18915
2304004 ;21954
2304103 ;72812
2304202 ;121428
2304236 ;17069
2304251 ;22479
2304269 ;9095
2304277 ;6840
2304285 ;46033
2304301 ;19007
2304350 ;21786
2304400 ;2452185
2304459 ;14817
2304509 ;12991
2304608 ;6218
2304657 ;15049
2304707 ;52645
2304806 ;4629
2304905 ;10228
2304954 ;24091
2305001 ;37775
2305100 ;4164
2305209 ;19325
2305233 ;55187
2305266 ;12922
2305308 ;23808
2305332 ;11335
2305357 ;18392
2305407 ;65456
2305506 ;96495
2305605 ;25573
2305654 ;11343
2305704 ;12009
2305803 ;40296
2305902 ;37862
2306009 ;13722
2306108 ;22324
2306207 ;7316
2306256 ;35817
2306306 ;48350
2306405 ;116065
2306504 ;18626
2306553 ;37471
2306603 ;18894
2306702 ;17863
2306801 ;10399
2306900 ;34409
2307007 ;32236
2307106 ;26688
2307205 ;7660
2307254 ;17002
2307304 ;249939
2307403 ;23807
2307502 ;31090
2307601 ;56264
2307635 ;18088
2307650 ;209057
2307700 ;113561
2307809 ;24703
2307908 ;10214
2308005 ;35191
2308104 ;44240
2308203 ;13693
2308302 ;28316
2308351 ;13086
2308377 ;12800
2308401 ;34274
2308500 ;42690
2308609 ;16705
2308708 ;62065
2308807 ;8070
2308906 ;20700
2309003 ;14102
2309102 ;11485
2309201 ;14256
2309300 ;30965
2309409 ;27453
2309458 ;24007
2309508 ;21389
2309607 ;61838
2309706 ;72299
2309805 ;11607
2309904 ;5986
2310001 ;8866
2310100 ;12005
2310209 ;31636
2310258 ;30041
2310308 ;31309
2310407 ;11308
2310506 ;41890
2310605 ;8226
2310704 ;35400
2310803 ;15757
2310852 ;18683
2310902 ;15467
2310951 ;10216
2311009 ;12001
2311108 ;15061
2311207 ;10276
2311231 ;6126
2311264 ;19921
2311306 ;80604
2311355 ;15000
2311405 ;71887
2311504 ;19412
2311603 ;26415
2311702 ;19455
2311801 ;69833
2311900 ;15752
2311959 ;15453
2312007 ;29946
2312106 ;17170
2312205 ;42763
2312304 ;44178
2312403 ;43890
2312502 ;7900
2312601 ;12332
2312700 ;26469
2312809 ;6852
2312908 ;188233
2313005 ;17665
2313104 ;29204
2313203 ;25451
2313252 ;8910
2313302 ;55716
2313351 ;16827
2313401 ;68892
2313500 ;51422
2313559 ;14408
2313609 ;31787
2313708 ;7545
2313757 ;18802
2313807 ;19765
2313906 ;12883
2313955 ;17593
2314003 ;38434
2314102 ;54955
2400109 ;11035
2400208 ;53227
2400307 ;10844
2400406 ;2980
2400505 ;13507
2400604 ;4871
2400703 ;12305
2400802 ;11549
2400901 ;6907
2401008 ;34763
2401107 ;25315
2401206 ;12924
2401305 ;9289
2401404 ;8573
2401453 ;24182
2401503 ;3950
2401602 ;5113
2401651 ;2425
2401701 ;9440
2401800 ;11577
2401859 ;6016
2401909 ;3308
2402006 ;62709
2402105 ;10266
2402204 ;30916
2402303 ;19576
2402402 ;7429
2402501 ;9762
2402600 ;68141
2402709 ;10916
2402808 ;5405
2402907 ;4772
2403004 ;7967
2403103 ;42652
2403202 ;6492
2403251 ;202456
2403301 ;5231
2403400 ;5822
2403509 ;10475
2403608 ;24569
2403707 ;5734
2403756 ;2854
2403806 ;8959
2403905 ;2874
2404002 ;4233
2404101 ;2159
2404200 ;22481
2404309 ;12374
2404408 ;9393
2404507 ;12404
2404606 ;12171
2404705 ;13856
2404804 ;2077
2404853 ;6932
2404903 ;5564
2405009 ;7925
2405108 ;6801
2405207 ;5345
2405306 ;9011
2405405 ;5522
2405504 ;2607
2405603 ;13506
2405702 ;12113
2405801 ;32227
2405900 ;2601
2406007 ;5868
2406106 ;17692
2406155 ;3582
2406205 ;6227
2406304 ;6989
2406403 ;2668
2406502 ;13983
2406601 ;7564
2406700 ;10381
2406809 ;4612
2406908 ;3633
2407005 ;9610
2407104 ;69467
2407203 ;28954
2407252 ;3536
2407302 ;8265
2407401 ;8218
2407500 ;10441
2407609 ;4188
2407708 ;11413
2407807 ;20685
2407906 ;2261
2408003 ;259815
2408102 ;803739
2408201 ;23784
2408300 ;35490
2408409 ;4295
2408508 ;4699
2408607 ;3952
2408706 ;3859
2408805 ;4845
2408904 ;20354
2408953 ;10059
2409100 ;11100
2409209 ;2895
2409308 ;11964
2409332 ;4762
2409407 ;27745
2409506 ;3521
2409605 ;2590
2409704 ;7171
2409803 ;14114
2409902 ;13432
2410009 ;3453
2410108 ;13949
2410207 ;7320
2410256 ;5217
2410306 ;8768
2410405 ;8424
2410504 ;4692
2410603 ;3063
2410702 ;3165
2410801 ;4156
2410900 ;7067
2411007 ;4418
2411056 ;3687
2411106 ;3595
2411205 ;35797
2411403 ;13809
2411429 ;2526
2411502 ;22216
2411601 ;2975
2411700 ;3905
2411809 ;3401
2411908 ;3874
2412005 ;87668
2412104 ;5922
2412203 ;39776
2412302 ;12356
2412401 ;4231
2412500 ;22157
2412559 ;8670
2412609 ;15843
2412708 ;6235
2412807 ;8111
2412906 ;10827
2413003 ;6028
2413102 ;5637
2413201 ;3924
2413300 ;5743
2413359 ;10287
2413409 ;7770
2413508 ;6581
2413557 ;4540
2413607 ;5752
2413706 ;5020
2413805 ;2317
2413904 ;11836
2414001 ;14175
2414100 ;9883
2414159 ;5406
2414209 ;11385
2414308 ;2295
2414407 ;31089
2414456 ;3368
2414506 ;10659
2414605 ;12992
2414704 ;5236
2414753 ;3821
2414803 ;10719
2414902 ;1618
2415008 ;2872
2500106 ;9449
2500205 ;5530
2500304 ;28479
2500403 ;19681
2500502 ;13576
2500536 ;5239
2500577 ;2366
2500601 ;18007
2500700 ;18201
2500734 ;2088
2500775 ;7676
2500809 ;17224
2500908 ;12653
2501005 ;18879
2501104 ;23829
2501153 ;1927
2501203 ;6470
2501302 ;19082
2501351 ;3522
2501401 ;8012
2501500 ;21851
2501534 ;4220
2501575 ;8206
2501609 ;14157
2501708 ;5611
2501807 ;99716
2501906 ;17093
2502003 ;7143
2502052 ;3075
2502102 ;5751
2502151 ;6227
2502201 ;2400
2502300 ;5035
2502409 ;10804
2502508 ;16888
2502607 ;6156
2502706 ;5111
2502805 ;13123
2502904 ;6198
2503001 ;20362
2503100 ;5035
2503209 ;57944
2503308 ;9546
2503407 ;3557
2503506 ;16748
2503555 ;6814
2503605 ;7220
2503704 ;58446
2503753 ;3033
2503803 ;5637
2503902 ;5749
2504009 ;385213
2504033 ;5601
2504074 ;3899
2504108 ;2378
2504157 ;7058
2504207 ;4812
2504306 ;28759
2504355 ;4543
2504405 ;18363
2504504 ;6584
2504603 ;21400
2504702 ;4687
2504801 ;15149
2504850 ;1771
2504900 ;16257
2505006 ;6866
2505105 ;19978
2505204 ;6889
2505238 ;6202
2505279 ;5209
2505303 ;2505
2505352 ;4900
2505402 ;7991
2505501 ;3512
2505600 ;6616
2505709 ;10517
2505808 ;3638
2505907 ;3317
2506004 ;31095
2506103 ;11405
2506202 ;2933
2506251 ;8376
2506301 ;55326
2506400 ;13872
2506509 ;3159
2506608 ;6031
2506707 ;11352
2506806 ;18180
2506905 ;24481
2507002 ;23192
2507101 ;16997
2507200 ;10201
2507309 ;13942
2507408 ;7538
2507507 ;723515
2507606 ;7459
2507705 ;16776
2507804 ;6643
2507903 ;10237
2508000 ;9826
2508109 ;4681
2508208 ;7370
2508307 ;25900
2508406 ;2841
2508505 ;7164
2508554 ;3942
2508604 ;11730
2508703 ;4019
2508802 ;5613
2508901 ;42303
2509008 ;10759
2509057 ;7609
2509107 ;21176
2509156 ;6173
2509206 ;12902
2509305 ;7407
2509339 ;4321
2509370 ;2702
2509396 ;5939
2509404 ;12491
2509503 ;4990
2509602 ;4508
2509701 ;30852
2509800 ;9469
2509909 ;10566
2510006 ;7280
2510105 ;10533
2510204 ;6070
2510303 ;4361
2510402 ;6931
2510501 ;3627
2510600 ;2928
2510659 ;1256
2510709 ;2233
2510808 ;100674
2510907 ;11788
2511004 ;3721
2511103 ;7475
2511202 ;27032
2511301 ;15465
2511400 ;18222
2511509 ;11191
2511608 ;6978
2511707 ;5155
2511806 ;10326
2511905 ;17024
2512002 ;17032
2512036 ;3751
2512077 ;3978
2512101 ;32110
2512200 ;3854
2512309 ;21283
2512408 ;12923
2512507 ;41049
2512606 ;1699
2512705 ;17581
2512721 ;5765
2512747 ;3266
2512754 ;4264
2512762 ;4164
2512788 ;1722
2512804 ;8314
2512903 ;22976
2513000 ;3508
2513109 ;11976
2513158 ;6658
2513208 ;6471
2513307 ;5369
2513356 ;3539
2513406 ;14719
2513505 ;5331
2513604 ;7266
2513653 ;2615
2513703 ;120310
2513802 ;4581
2513851 ;2638
2513901 ;30879
2513927 ;4138
2513943 ;2420
2513968 ;2855
2513984 ;3364
2514008 ;4344
2514107 ;4396
2514206 ;7564
2514305 ;6010
2514404 ;4760
2514453 ;5508
2514503 ;19096
2514552 ;4219
2514602 ;3233
2514651 ;1684
2514701 ;4010
2514800 ;3985
2514909 ;7748
2515005 ;6696
2515104 ;11041
2515203 ;3235
2515302 ;50143
2515401 ;10230
2515500 ;12973
2515609 ;3204
2515708 ;2975
2515807 ;7050
2515906 ;6238
2515930 ;4395
2515971 ;7373
2516003 ;26693
2516102 ;13739
2516151 ;3169
2516201 ;65803
2516300 ;16060
2516409 ;10262
2516508 ;14936
2516607 ;14103
2516706 ;14153
2516755 ;2813
2516805 ;9220
2516904 ;14584
2517001 ;9298
2517100 ;2504
2517209 ;5045
2517407 ;2075
2600054 ;94429
2600104 ;35088
2600203 ;17586
2600302 ;22679
2600401 ;33095
2600500 ;40235
2600609 ;13759
2600708 ;37415
2600807 ;22353
2600906 ;21939
2601003 ;10202
2601052 ;18156
2601102 ;77302
2601201 ;68793
2601300 ;12776
2601409 ;40732
2601508 ;11353
2601607 ;20253
2601706 ;72432
2601805 ;12003
2601904 ;58668
2602001 ;35158
2602100 ;45503
2602209 ;37826
2602308 ;37566
2602407 ;8844
2602506 ;7307
2602605 ;45180
2602704 ;12537
2602803 ;52105
2602902 ;185025
2603009 ;30873
2603108 ;18819
2603207 ;26577
2603306 ;11125
2603405 ;5648
2603454 ;144466
2603504 ;17104
2603603 ;8156
2603702 ;24521
2603801 ;19593
2603900 ;18574
2603926 ;11782
2604007 ;74858
2604106 ;314912
2604155 ;13766
2604205 ;37820
2604304 ;10778
2604403 ;12404
2604502 ;20137
2604601 ;24282
2604700 ;17419
2604809 ;12452
2604908 ;17183
2605004 ;23390
2605103 ;33855
2605152 ;16917
2605202 ;63517
2605301 ;31636
2605400 ;20571
2605459 ;2630
2605509 ;11430
2605608 ;22169
2605707 ;29285
2605806 ;14293
2605905 ;27912
2606002 ;129408
2606101 ;29019
2606200 ;75644
2606309 ;6855
2606408 ;76458
2606507 ;18360
2606606 ;26954
2606705 ;7534
2606804 ;102021
2606903 ;11779
2607000 ;19081
2607109 ;4496
2607208 ;80637
2607307 ;28120
2607406 ;4369
2607505 ;26256
2607604 ;21884
2607653 ;35398
2607703 ;13881
2607752 ;23769
2607802 ;15692
2607901 ;644620
2607950 ;11501
2608008 ;15819
2608057 ;13963
2608107 ;30743
2608206 ;15773
2608255 ;10604
2608305 ;13705
2608404 ;14541
2608453 ;16007
2608503 ;20659
2608602 ;12132
2608701 ;15615
2608750 ;22760
2608800 ;36628
2608909 ;55439
2609006 ;23925
2609105 ;13596
2609154 ;18083
2609204 ;12230
2609303 ;14308
2609402 ;56696
2609501 ;30796
2609600 ;377779
2609709 ;22878
2609808 ;13180
2609907 ;64358
2610004 ;59526
2610103 ;8189
2610202 ;25645
2610301 ;11001
2610400 ;20224
2610509 ;28628
2610608 ;51357
2610707 ;300466
2610806 ;20944
2610905 ;62931
2611002 ;32492
2611101 ;293962
2611200 ;11242
2611309 ;24046
2611408 ;13439
2611507 ;24186
2611533 ;6739
2611606 ;1537704
2611705 ;19162
2611804 ;44439
2611903 ;22151
2612000 ;11240
2612109 ;9312
2612208 ;56629
2612307 ;15309
2612406 ;21955
2612455 ;13594
2612471 ;11768
2612505 ;87582
2612554 ;13371
2612604 ;39435
2612703 ;13021
2612802 ;10991
2612901 ;13941
2613008 ;53242
2613107 ;35274
2613206 ;21312
2613305 ;20488
2613404 ;18180
2613503 ;32617
2613602 ;31829
2613701 ;102895
2613800 ;17000
2613909 ;79232
2614006 ;18331
2614105 ;33787
2614204 ;40296
2614303 ;11132
2614402 ;5744
2614501 ;58515
2614600 ;26427
2614709 ;12725
2614808 ;22068
2614857 ;20715
2615003 ;24903
2615102 ;6737
2615201 ;9278
2615300 ;53825
2615409 ;35554
2615508 ;13055
2615607 ;26116
2615706 ;15006
2615805 ;24425
2615904 ;7925
2616001 ;16052
2616100 ;9142
2616183 ;7873
2616209 ;18222
2616308 ;30732
2616407 ;129974
2616506 ;14093
2700102 ;19377
2700201 ;17424
2700300 ;214006
2700409 ;44322
2700508 ;14230
2700607 ;7574
2700706 ;17076
2700805 ;4551
2700904 ;7030
2701001 ;25776
2701100 ;10583
2701209 ;10195
2701308 ;20409
2701357 ;6598
2701407 ;50816
2701506 ;9032
2701605 ;17250
2701704 ;17077
2701803 ;8290
2701902 ;7146
2702009 ;10926
2702108 ;20019
2702207 ;5526
2702306 ;52130
2702355 ;22641
2702405 ;48096
2702504 ;10880
2702553 ;17251
2702603 ;21321
2702702 ;4345
2702801 ;12325
2702900 ;36600
2703007 ;15149
2703106 ;25188
2703205 ;23292
2703304 ;17898
2703403 ;5413
2703502 ;6997
2703601 ;7754
2703700 ;5558
2703759 ;12029
2703809 ;22575
2703908 ;4202
2704005 ;23836
2704104 ;18250
2704203 ;26992
2704302 ;932748
2704401 ;18897
2704500 ;28749
2704609 ;10284
2704708 ;45977
2704807 ;13619
2704906 ;3652
2705002 ;24698
2705101 ;23785
2705200 ;15682
2705309 ;5275
2705408 ;6935
2705507 ;26710
2705606 ;12060
2705705 ;20364
2705804 ;8491
2705903 ;4957
2706000 ;11047
2706109 ;10912
2706208 ;5112
2706307 ;70368
2706406 ;23811
2706422 ;10264
2706448 ;11347
2706505 ;14763
2706604 ;7426
2706703 ;60378
2706802 ;17203
2706901 ;33305
2707008 ;2866
2707107 ;23045
2707206 ;13872
2707305 ;25708
2707404 ;8429
2707503 ;19334
2707602 ;11480
2707701 ;68481
2707800 ;6656
2707909 ;6891
2708006 ;44932
2708105 ;10961
2708204 ;6718
2708303 ;22686
2708402 ;30088
2708501 ;32412
2708600 ;54577
2708709 ;7163
2708808 ;32010
2708907 ;14603
2708956 ;13047
2709004 ;6122
2709103 ;19020
2709152 ;41152
2709202 ;25702
2709301 ;62358
2709400 ;25407
2800100 ;2275
2800209 ;20056
2800308 ;571149
2800407 ;10878
2800506 ;16857
2800605 ;24976
2800670 ;25533
2800704 ;7742
2801009 ;16749
2801108 ;3956
2801207 ;24686
2801306 ;30761
2801405 ;20007
2801504 ;13503
2801603 ;5633
2801702 ;16519
2801900 ;3813
2802007 ;4326
2802106 ;64409
2802205 ;5324
2802304 ;13874
2802403 ;11405
2802502 ;2929
2802601 ;5645
2802700 ;8348
2802809 ;15831
2802908 ;86967
2803005 ;38910
2803104 ;4972
2803203 ;30419
2803302 ;16864
2803401 ;12938
2803500 ;94861
2803609 ;26902
2803708 ;6401
2803807 ;3456
2803906 ;12042
2804003 ;16343
2804102 ;11001
2804201 ;13627
2804300 ;7344
2804409 ;18506
2804458 ;8508
2804508 ;32497
2804607 ;24580
2804706 ;6238
2804805 ;160827
2804904 ;13137
2805000 ;2974
2805109 ;8833
2805208 ;5973
2805307 ;8369
2805406 ;30880
2805505 ;21983
2805604 ;27146
2805703 ;28451
2805802 ;19386
2805901 ;9355
2806008 ;17173
2806107 ;9221
2806206 ;19365
2806305 ;12969
2806404 ;7038
2806503 ;3749
2806602 ;11410
2806701 ;78864
2806800 ;10271
2806909 ;3393
2807006 ;3698
2807105 ;38702
2807204 ;8004
2807303 ;2957
2807402 ;48040
2807501 ;12855
2807600 ;22434
2900108 ;8316
2900207 ;17064
2900306 ;14653
2900355 ;15702
2900405 ;15731
2900504 ;10859
2900603 ;4602
2900702 ;141949
2900801 ;21271
2900900 ;6357
2901007 ;34351
2901106 ;25190
2901155 ;15961
2901205 ;25516
2901304 ;13960
2901353 ;14414
2901403 ;14073
2901502 ;10242
2901601 ;17072
2901700 ;11554
2901809 ;11015
2901908 ;17731
2901957 ;7459
2902005 ;13743
2902054 ;11561
2902104 ;51651
2902203 ;10036
2902252 ;10392
2902302 ;8599
2902401 ;13595
2902500 ;13850
2902609 ;20060
2902658 ;11814
2902708 ;49325
2902807 ;21187
2902906 ;34788
2903003 ;13987
2903102 ;6313
2903201 ;137427
2903235 ;13612
2903276 ;14191
2903300 ;6453
2903409 ;21798
2903508 ;16021
2903607 ;14836
2903706 ;15411
2903805 ;17991
2903904 ;63480
2903953 ;10113
2904001 ;13695
2904050 ;14834
2904100 ;22037
2904209 ;11154
2904308 ;14282
2904407 ;11077
2904506 ;10717
2904605 ;64602
2904704 ;18605
2904753 ;19600
2904803 ;11420
2904852 ;17327
2904902 ;32026
2905008 ;22236
2905107 ;10368
2905156 ;13639
2905206 ;47515
2905305 ;17209
2905404 ;15374
2905503 ;12491
2905602 ;31472
2905701 ;242970
2905800 ;35180
2905909 ;28090
2906006 ;66616
2906105 ;9410
2906204 ;24067
2906303 ;32336
2906402 ;8895
2906501 ;83158
2906600 ;13210
2906709 ;27918
2906808 ;32908
2906824 ;15732
2906857 ;11527
2906873 ;26577
2906899 ;10222
2906907 ;21414
2907004 ;8899
2907103 ;28380
2907202 ;64940
2907301 ;25408
2907400 ;2612
2907509 ;51077
2907558 ;8843
2907608 ;17013
2907707 ;10734
2907806 ;32300
2907905 ;15755
2908002 ;20964
2908101 ;18153
2908200 ;20391
2908309 ;17889
2908408 ;62040
2908507 ;30123
2908606 ;23620
2908705 ;16898
2908804 ;4663
2908903 ;22401
2909000 ;8168
2909109 ;14307
2909208 ;17066
2909307 ;31249
2909406 ;13636
2909505 ;5041
2909604 ;20046
2909703 ;13280
2909802 ;58606
2909901 ;32168
2910008 ;12836
2910057 ;66440
2910107 ;11355
2910206 ;3874
2910305 ;7947
2910404 ;23766
2910503 ;39872
2910602 ;32802
2910701 ;56289
2910727 ;100196
2910750 ;17652
2910776 ;6184
2910800 ;556642
2910859 ;16740
2910909 ;5384
2911006 ;10660
2911105 ;22528
2911204 ;30336
2911253 ;4561
2911303 ;10622
2911402 ;15076
2911501 ;8357
2911600 ;19818
2911659 ;10412
2911709 ;78833
2911808 ;22165
2911857 ;13192
2911907 ;25736
2912004 ;10062
2912103 ;24272
2912202 ;17282
2912301 ;15785
2912400 ;17008
2912509 ;14171
2912608 ;4866
2912707 ;22598
2912806 ;7956
2912905 ;18943
2913002 ;15508
2913101 ;17840
2913200 ;25424
2913309 ;5255
2913408 ;15205
2913457 ;13343
2913507 ;25705
2913606 ;184236
2913705 ;36306
2913804 ;15331
2913903 ;44390
2914000 ;59343
2914109 ;9285
2914208 ;7002
2914307 ;11990
2914406 ;22601
2914505 ;27466
2914604 ;66181
2914653 ;28390
2914703 ;61631
2914802 ;204667
2914901 ;24318
2915007 ;14924
2915106 ;13051
2915205 ;15193
2915304 ;7110
2915353 ;13209
2915403 ;7309
2915502 ;21081
2915601 ;63069
2915700 ;7903
2915809 ;23089
2915908 ;7598
2916005 ;20216
2916104 ;20725
2916203 ;10995
2916302 ;10495
2916401 ;68273
2916500 ;32261
2916609 ;10207
2916708 ;7678
2916807 ;18539
2916856 ;14522
2916906 ;12693
2917003 ;36113
2917102 ;19914
2917201 ;18127
2917300 ;26591
2917334 ;10900
2917359 ;8973
2917409 ;13651
2917508 ;79247
2917607 ;51011
2917706 ;30343
2917805 ;16467
2917904 ;10331
2918001 ;151895
2918100 ;37680
2918209 ;14118
2918308 ;14115
2918357 ;22549
2918407 ;197965
2918456 ;10290
2918506 ;15052
2918555 ;6474
2918605 ;8031
2918704 ;3901
2918753 ;13934
2918803 ;22201
2918902 ;3733
2919009 ;3936
2919058 ;8305
2919108 ;9560
2919157 ;25646
2919207 ;163449
2919306 ;10368
2919405 ;12311
2919504 ;42693
2919553 ;60105
2919603 ;11229
2919702 ;17093
2919801 ;47051
2919900 ;8073
2919926 ;17376
2919959 ;7038
2920007 ;8782
2920106 ;19326
2920205 ;16014
2920304 ;8468
2920403 ;14387
2920452 ;12592
2920502 ;24613
2920601 ;42815
2920700 ;19101
2920809 ;10500
2920908 ;14640
2921005 ;40183
2921054 ;11145
2921104 ;21560
2921203 ;26475
2921302 ;10306
2921401 ;16279
2921450 ;10507
2921500 ;52338
2921609 ;8280
2921708 ;35164
2921807 ;12477
2921906 ;10545
2922003 ;36026
2922052 ;12249
2922102 ;24395
2922201 ;7317
2922250 ;10272
2922300 ;28899
2922409 ;21449
2922508 ;27274
2922607 ;12530
2922656 ;12371
2922706 ;16713
2922730 ;7602
2922755 ;6648
2922805 ;7435
2922854 ;8034
2922904 ;24136
2923001 ;38556
2923035 ;10673
2923050 ;15051
2923100 ;24943
2923209 ;21831
2923308 ;8298
2923357 ;16425
2923407 ;20775
2923506 ;8410
2923605 ;21001
2923704 ;29504
2923803 ;27778
2923902 ;10852
2924009 ;108396
2924058 ;13752
2924108 ;6876
2924207 ;16995
2924306 ;17982
2924405 ;32860
2924504 ;15628
2924603 ;20121
2924652 ;10342
2924678 ;9799
2924702 ;12783
2924801 ;22399
2924900 ;8822
2925006 ;24481
2925105 ;44701
2925204 ;33066
2925253 ;15742
2925303 ;126929
2925402 ;9810
2925501 ;27627
2925600 ;13750
2925709 ;13652
2925758 ;23846
2925808 ;24602
2925907 ;27228
2925931 ;9554
2925956 ;22874
2926004 ;38957
2926103 ;12055
2926202 ;21937
2926301 ;33172
2926400 ;30646
2926509 ;14276
2926608 ;47518
2926657 ;8602
2926707 ;13007
2926806 ;14815
2926905 ;11918
2927002 ;37164
2927101 ;7775
2927200 ;29887
2927309 ;13456
2927408 ;2675656
2927507 ;19064
2927606 ;15060
2927705 ;26264
2927804 ;6673
2927903 ;10363
2928000 ;33838
2928059 ;13344
2928109 ;40309
2928208 ;24750
2928307 ;8776
2928406 ;26250
2928505 ;9648
2928604 ;57800
2928703 ;90985
2928802 ;47880
2928901 ;27659
2928950 ;9226
2929008 ;14098
2929057 ;13048
2929107 ;20305
2929206 ;33183
2929255 ;18427
2929305 ;33283
2929354 ;5715
2929370 ;10180
2929404 ;10414
2929503 ;42153
2929602 ;16585
2929701 ;18964
2929750 ;11201
2929800 ;11845
2929909 ;41798
2930006 ;10371
2930105 ;74419
2930154 ;31638
2930204 ;37425
2930303 ;18112
2930402 ;15401
2930501 ;76762
2930600 ;12344
2930709 ;118047
2930758 ;12050
2930766 ;12592
2930774 ;22000
2930808 ;15899
2930907 ;11431
2931004 ;20013
2931053 ;16128
2931103 ;8008
2931202 ;18748
2931301 ;16516
2931350 ;138341
2931400 ;7895
2931509 ;21482
2931608 ;14836
2931707 ;12803
2931806 ;17029
2931905 ;52418
2932002 ;24294
2932101 ;19750
2932200 ;20691
2932309 ;25004
2932408 ;13625
2932457 ;17000
2932507 ;24110
2932606 ;16466
2932705 ;19837
2932804 ;18173
2932903 ;88673
2933000 ;24560
2933059 ;13786
2933109 ;8661
2933158 ;13073
2933174 ;9109
2933208 ;37567
2933257 ;6800
2933307 ;306866
2933406 ;8983
2933455 ;12485
2933505 ;22189
2933604 ;45536
3100104 ;6704
3100203 ;22690
3100302 ;13311
3100401 ;3920
3100500 ;10276
3100609 ;15195
3100708 ;2025
3100807 ;4054
3100906 ;18479
3101003 ;12722
3101102 ;24959
3101201 ;6162
3101300 ;2709
3101409 ;2913
3101508 ;34349
3101607 ;73774
3101631 ;6075
3101706 ;38775
3101805 ;7172
3101904 ;18488
3102001 ;13717
3102050 ;5297
3102100 ;12159
3102209 ;4444
3102308 ;15261
3102407 ;3546
3102506 ;5053
3102605 ;37270
3102704 ;8959
3102803 ;12173
3102852 ;8003
3102902 ;11114
3103009 ;9565
3103108 ;1671
3103207 ;2243
3103306 ;2058
3103405 ;36013
3103504 ;109801
3103603 ;2823
3103702 ;8152
3103751 ;6144
3103801 ;2775
3103900 ;7883
3104007 ;93672
3104106 ;9509
3104205 ;36597
3104304 ;13731
3104403 ;2901
3104452 ;4770
3104502 ;17674
3104601 ;13049
3104700 ;14455
3104809 ;4960
3104908 ;18307
3105004 ;7913
3105103 ;22734
3105202 ;4987
3105301 ;5338
3105400 ;28442
3105509 ;5720
3105608 ;126284
3105707 ;6143
3105905 ;19599
3106002 ;10004
3106101 ;3403
3106200 ;2375151
3106309 ;23397
3106408 ;7536
3106507 ;12300
3106606 ;4498
3106655 ;4370
3106705 ;378089
3106804 ;3793
3106903 ;13653
3107000 ;2630
3107109 ;38516
3107208 ;5007
3107307 ;46654
3107406 ;45624
3107505 ;6501
3107604 ;3887
3107703 ;5491
3107802 ;15364
3107901 ;10457
3108008 ;17243
3108107 ;6818
3108206 ;5865
3108255 ;9673
3108305 ;17118
3108404 ;14920
3108503 ;6497
3108552 ;14226
3108602 ;31213
3108701 ;4637
3108800 ;5030
3108909 ;14661
3109006 ;33973
3109105 ;10892
3109204 ;10292
3109253 ;3992
3109303 ;22737
3109402 ;26922
3109451 ;6453
3109501 ;13823
3109600 ;3654
3109709 ;11034
3109808 ;2505
3109907 ;10218
3110004 ;40750
3110103 ;4968
3110202 ;4047
3110301 ;13633
3110400 ;3154
3110509 ;21080
3110608 ;26488
3110707 ;12602
3110806 ;3564
3110905 ;15433
3111002 ;20686
3111101 ;19324
3111150 ;3684
3111200 ;51544
3111309 ;11476
3111408 ;6870
3111507 ;14206
3111606 ;27600
3111705 ;4628
3111804 ;11365
3111903 ;5589
3112000 ;14595
3112059 ;4195
3112109 ;5209
3112208 ;4755
3112307 ;34803
3112406 ;7089
3112505 ;8881
3112604 ;15290
3112653 ;4925
3112703 ;14206
3112802 ;8183
3112901 ;9030
3113008 ;22343
3113107 ;3288
3113206 ;23346
3113305 ;32296
3113404 ;85239
3113503 ;9148
3113602 ;6298
3113701 ;20069
3113800 ;2446
3113909 ;11836
3114006 ;10927
3114105 ;13750
3114204 ;20012
3114303 ;29735
3114402 ;20426
3114501 ;17048
3114550 ;9471
3114600 ;3948
3114709 ;3341
3114808 ;4556
3114907 ;2244
3115003 ;2857
3115102 ;17412
3115201 ;3954
3115300 ;69757
3115359 ;4846
3115409 ;3462
3115458 ;6708
3115474 ;5102
3115508 ;21705
3115607 ;1210
3115706 ;6772
3115805 ;10266
3115904 ;2792
3116001 ;5645
3116100 ;15189
3116159 ;10805
3116209 ;2785
3116308 ;6547
3116407 ;4542
3116506 ;7775
3116605 ;25771
3116704 ;7054
3116803 ;9024
3116902 ;2972
3117009 ;8298
3117108 ;9820
3117207 ;2749
3117306 ;23043
3117405 ;4456
3117504 ;17908
3117603 ;5158
3117702 ;12949
3117801 ;10388
3117836 ;7101
3117876 ;5936
3117900 ;10468
3118007 ;48519
3118106 ;4943
3118205 ;6526
3118304 ;116512
3118403 ;22242
3118502 ;1727
3118601 ;603442
3118700 ;9289
3118809 ;26033
3118908 ;8667
3119005 ;3435
3119104 ;23914
3119203 ;10270
3119302 ;27547
3119401 ;103694
3119500 ;9117
3119609 ;2983
3119708 ;3301
3119807 ;3391
3119906 ;3730
3119955 ;5790
3120003 ;3127
3120102 ;4204
3120151 ;6047
3120201 ;11286
3120300 ;5760
3120409 ;5007
3120508 ;10210
3120607 ;4757
3120706 ;3934
3120805 ;14591
3120839 ;4680
3120870 ;6913
3120904 ;74219
3121001 ;5211
3121100 ;7971
3121209 ;6830
3121258 ;8089
3121308 ;4768
3121407 ;7002
3121506 ;3015
3121605 ;45880
3121704 ;3848
3121803 ;8739
3121902 ;3293
3122009 ;19133
3122108 ;4937
3122207 ;7024
3122306 ;213016
3122355 ;5884
3122405 ;5763
3122454 ;8974
3122470 ;3814
3122504 ;5209
3122603 ;4535
3122702 ;5196
3122801 ;2994
3122900 ;6001
3123007 ;9299
3123106 ;5223
3123205 ;13778
3123304 ;4462
3123403 ;1440
3123502 ;1841
3123528 ;7423
3123601 ;25220
3123700 ;10280
3123809 ;7122
3123858 ;5175
3123908 ;14242
3124005 ;17946
3124104 ;60271
3124203 ;22856
3124302 ;31113
3124401 ;4429
3124500 ;10845
3124609 ;2470
3124708 ;3516
3124807 ;7446
3124906 ;10540
3125002 ;3753
3125101 ;28599
3125200 ;2350
3125309 ;3376
3125408 ;5142
3125507 ;3056
3125606 ;6877
3125705 ;14121
3125804 ;3030
3125903 ;10837
3125952 ;10349
3126000 ;6600
3126109 ;65128
3126208 ;8177
3126307 ;4098
3126406 ;2705
3126505 ;10248
3126604 ;4863
3126703 ;24912
3126752 ;5800
3126802 ;5879
3126901 ;8920
3126950 ;3329
3127008 ;14041
3127057 ;4687
3127073 ;5940
3127107 ;53468
3127206 ;3855
3127305 ;6951
3127339 ;5139
3127354 ;2962
3127370 ;3053
3127388 ;3659
3127404 ;4220
3127503 ;5921
3127602 ;11681
3127701 ;263689
3127800 ;15024
3127909 ;1373
3128006 ;31262
3128105 ;13872
3128204 ;10223
3128253 ;4718
3128303 ;18714
3128402 ;8678
3128501 ;3929
3128600 ;6565
3128709 ;49430
3128808 ;7206
3128907 ;7265
3129004 ;8707
3129103 ;6137
3129202 ;6121
3129301 ;10315
3129400 ;5036
3129509 ;23218
3129608 ;7839
3129657 ;6155
3129707 ;12176
3129806 ;158954
3129905 ;3382
3130002 ;2866
3130051 ;10746
3130101 ;34851
3130200 ;9264
3130309 ;8029
3130408 ;5859
3130507 ;11488
3130556 ;6424
3130606 ;6908
3130655 ;7330
3130705 ;6190
3130804 ;2629
3130903 ;24294
3131000 ;5760
3131109 ;6724
3131158 ;16708
3131208 ;18170
3131307 ;239468
3131406 ;4107
3131505 ;9521
3131604 ;6467
3131703 ;109783
3131802 ;10692
3131901 ;45449
3132008 ;4988
3132107 ;17720
3132206 ;12372
3132305 ;11798
3132404 ;90658
3132503 ;32175
3132602 ;4079
3132701 ;22809
3132800 ;2283
3132909 ;10349
3133006 ;14003
3133105 ;14175
3133204 ;11856
3133303 ;21001
3133402 ;13656
3133501 ;21377
3133600 ;8664
3133709 ;9928
3133758 ;14945
3133808 ;85463
3133907 ;5799
3134004 ;14407
3134103 ;5830
3134202 ;97171
3134301 ;6139
3134400 ;34456
3134509 ;3913
3134608 ;17134
3134707 ;12134
3134806 ;7502
3134905 ;22772
3135001 ;2990
3135050 ;33587
3135076 ;5067
3135100 ;66803
3135209 ;65463
3135308 ;3939
3135357 ;8298
3135407 ;5395
3135456 ;7116
3135506 ;12848
3135605 ;8005
3135704 ;5156
3135803 ;24131
3135902 ;4768
3136009 ;14941
3136108 ;5425
3136207 ;73610
3136306 ;45260
3136405 ;4305
3136504 ;10324
3136520 ;4553
3136553 ;4376
3136579 ;4566
3136603 ;5555
3136652 ;22202
3136702 ;516247
3136801 ;4113
3136900 ;9238
3136959 ;5708
3137007 ;16994
3137106 ;7600
3137205 ;45984
3137304 ;4225
3137403 ;12256
3137502 ;17161
3137536 ;8631
3137601 ;52520
3137700 ;19609
3137809 ;19554
3137908 ;3452
3138005 ;6465
3138104 ;6484
3138203 ;92200
3138302 ;3205
3138351 ;4804
3138401 ;51130
3138500 ;5346
3138609 ;16149
3138625 ;6890
3138658 ;8397
3138674 ;6234
3138682 ;6400
3138708 ;5422
3138807 ;17486
3138906 ;6976
3139003 ;38688
3139102 ;4904
3139201 ;18776
3139250 ;6321
3139300 ;19813
3139409 ;79574
3139508 ;21382
3139607 ;27111
3139706 ;7163
3139805 ;11749
3139904 ;14216
3140001 ;54219
3140100 ;4219
3140159 ;13192
3140209 ;2788
3140308 ;4012
3140407 ;2968
3140506 ;12611
3140530 ;7173
3140555 ;7874
3140605 ;4595
3140704 ;27856
3140803 ;13435
3140852 ;9979
3140902 ;17639
3141009 ;12684
3141108 ;33955
3141207 ;3761
3141306 ;3444
3141405 ;21026
3141504 ;6331
3141603 ;10368
3141702 ;6069
3141801 ;30794
3141900 ;3840
3142007 ;13042
3142106 ;10251
3142205 ;13808
3142254 ;4549
3142304 ;4689
3142403 ;7028
3142502 ;2360
3142601 ;8161
3142700 ;15862
3142809 ;19619
3142908 ;21994
3143005 ;13061
3143104 ;45772
3143153 ;4656
3143203 ;21234
3143302 ;361915
3143401 ;21203
3143450 ;7464
3143500 ;8255
3143609 ;2660
3143708 ;3399
3143807 ;6257
3143906 ;100765
3144003 ;26661
3144102 ;20430
3144201 ;3154
3144300 ;40834
3144359 ;6341
3144375 ;3280
3144409 ;4658
3144508 ;7954
3144607 ;25733
3144656 ;9815
3144672 ;3732
3144706 ;17528
3144805 ;80998
3144904 ;3790
3145000 ;12812
3145059 ;7398
3145109 ;15374
3145208 ;73699
3145307 ;30725
3145356 ;10339
3145372 ;4963
3145406 ;1976
3145455 ;5267
3145505 ;2533
3145604 ;39466
3145703 ;2123
3145802 ;3055
3145851 ;4493
3145877 ;7284
3145901 ;35268
3146008 ;31568
3146107 ;70281
3146206 ;6016
3146255 ;5834
3146305 ;18849
3146404 ;4631
3146503 ;8014
3146552 ;5934
3146602 ;1558
3146701 ;6545
3146750 ;6931
3146909 ;14175
3147006 ;84718
3147105 ;84215
3147204 ;20245
3147303 ;19379
3147402 ;22563
3147501 ;1766
3147600 ;15582
3147709 ;8197
3147808 ;2079
3147907 ;106290
3147956 ;5579
3148004 ;138710
3148103 ;82471
3148202 ;5287
3148301 ;9271
3148400 ;4918
3148509 ;8589
3148608 ;17260
3148707 ;23839
3148756 ;6673
3148806 ;3365
3148905 ;3875
3149002 ;2191
3149101 ;11467
3149150 ;10315
3149200 ;3490
3149309 ;58740
3149408 ;1785
3149507 ;3165
3149606 ;4076
3149705 ;8912
3149804 ;14404
3149903 ;20087
3149952 ;7036
3150000 ;4128
3150109 ;2841
3150158 ;7110
3150208 ;4062
3150307 ;4709
3150406 ;4640
3150505 ;8236
3150539 ;4420
3150570 ;7211
3150604 ;6406
3150703 ;4656
3150802 ;17232
3150901 ;5217
3151008 ;8016
3151107 ;10364
3151206 ;53368
3151305 ;10862
3151404 ;25311
3151503 ;31883
3151602 ;10384
3151701 ;15959
3151800 ;152435
3151909 ;8986
3152006 ;29105
3152105 ;57390
3152131 ;3966
3152170 ;11345
3152204 ;37627
3152303 ;10417
3152402 ;15667
3152501 ;130615
3152600 ;6213
3152709 ;8391
3152808 ;25802
3152907 ;8807
3153004 ;3265
3153103 ;5537
3153202 ;3908
3153301 ;2959
3153400 ;18577
3153509 ;8318
3153608 ;9573
3153707 ;3303
3153806 ;1861
3153905 ;15342
3154002 ;23818
3154101 ;10299
3154150 ;6569
3154200 ;10913
3154309 ;17089
3154408 ;4711
3154457 ;8007
3154507 ;9360
3154606 ;296317
3154705 ;3826
3154804 ;9090
3154903 ;14201
3155009 ;2465
3155108 ;5217
3155207 ;6070
3155306 ;5276
3155405 ;8712
3155504 ;11885
3155603 ;29099
3155702 ;14149
3155801 ;17110
3155900 ;5292
3156007 ;13645
3156106 ;4925
3156205 ;2116
3156304 ;6867
3156403 ;3596
3156452 ;4247
3156502 ;7772
3156601 ;9919
3156700 ;126269
3156809 ;15704
3156908 ;23896
3157005 ;39178
3157104 ;6859
3157203 ;27876
3157252 ;7682
3157278 ;2788
3157302 ;4570
3157336 ;7865
3157377 ;4397
3157401 ;4992
3157500 ;4600
3157609 ;3968
3157658 ;6055
3157708 ;11337
3157807 ;202942
3157906 ;15011
3158003 ;10552
3158102 ;5284
3158201 ;14395
3158300 ;7231
3158409 ;3622
3158508 ;8009
3158607 ;3860
3158706 ;2234
3158805 ;4607
3158904 ;8582
3158953 ;27265
3159001 ;4023
3159100 ;3822
3159209 ;9027
3159308 ;4993
3159357 ;6547
3159407 ;3583
3159506 ;5697
3159605 ;37754
3159704 ;3224
3159803 ;18138
3159902 ;17345
3160009 ;3538
3160108 ;4085
3160207 ;4135
3160306 ;11775
3160405 ;25975
3160454 ;6955
3160504 ;1777
3160603 ;3238
3160702 ;46284
3160801 ;4577
3160900 ;3513
3160959 ;5408
3161007 ;17357
3161056 ;3382
3161106 ;53828
3161205 ;6483
3161304 ;5776
3161403 ;5178
3161502 ;10263
3161601 ;4389
3161650 ;3486
3161700 ;6264
3161809 ;10398
3161908 ;9777
3162005 ;23906
3162104 ;31819
3162203 ;6887
3162252 ;4656
3162302 ;2731
3162401 ;25358
3162450 ;11715
3162500 ;84469
3162559 ;10245
3162575 ;5188
3162609 ;7874
3162658 ;4060
3162708 ;22319
3162807 ;15553
3162906 ;25057
3162922 ;25537
3162948 ;6778
3162955 ;19799
3163003 ;4075
3163102 ;4198
3163201 ;3996
3163300 ;3834
3163409 ;5636
3163508 ;6553
3163607 ;2592
3163706 ;41657
3163805 ;6760
3163904 ;5040
3164001 ;8356
3164100 ;5570
3164209 ;10276
3164308 ;6686
3164407 ;4948
3164431 ;2798
3164472 ;5739
3164506 ;10647
3164605 ;5805
3164704 ;64980
3164803 ;1613
3164902 ;2110
3165008 ;10561
3165107 ;7093
3165206 ;6655
3165305 ;7008
3165404 ;6241
3165503 ;5594
3165537 ;25814
3165552 ;10885
3165560 ;2847
3165578 ;5219
3165602 ;1988
3165701 ;7230
3165800 ;1868
3165909 ;4574
3166006 ;5683
3166105 ;3497
3166204 ;10196
3166303 ;7128
3166402 ;1789
3166501 ;4220
3166600 ;815
3166709 ;8412
3166808 ;10549
3166907 ;7542
3166956 ;4425
3167004 ;1995
3167103 ;20835
3167202 ;214152
3167301 ;2192
3167400 ;6027
3167509 ;2537
3167608 ;18298
3167707 ;5830
3167806 ;5676
3167905 ;4079
3168002 ;30917
3168051 ;3137
3168101 ;4112
3168200 ;1873
3168309 ;3794
3168408 ;14293
3168507 ;11355
3168606 ;134745
3168705 ;81243
3168804 ;6961
3168903 ;6906
3169000 ;15823
3169059 ;3950
3169109 ;5764
3169208 ;9537
3169307 ;72765
3169356 ;28318
3169406 ;53860
3169505 ;6293
3169604 ;24188
3169703 ;18055
3169802 ;4658
3169901 ;101519
3170008 ;11681
3170057 ;12040
3170107 ;295988
3170206 ;604013
3170305 ;2705
3170404 ;77565
3170438 ;4418
3170479 ;3235
3170503 ;10291
3170529 ;13604
3170578 ;6461
3170602 ;2163
3170651 ;4733
3170701 ;123081
3170750 ;6054
3170800 ;35809
3170909 ;19116
3171006 ;19723
3171030 ;8346
3171071 ;5549
3171105 ;3483
3171154 ;4689
3171204 ;104527
3171303 ;72220
3171402 ;3731
3171501 ;3370
3171600 ;13619
3171709 ;8623
3171808 ;10572
3171907 ;5658
3172004 ;37942
3172103 ;5070
3172202 ;2553
3200102 ;31091
3200136 ;9519
3200169 ;11771
3200201 ;30768
3200300 ;13955
3200359 ;7317
3200409 ;23902
3200508 ;7512
3200607 ;81832
3200706 ;9850
3200805 ;29081
3200904 ;40649
3201001 ;14199
3201100 ;9476
3201159 ;11915
3201209 ;189889
3201308 ;348738
3201407 ;34747
3201506 ;111788
3201605 ;28449
3201704 ;11681
3201803 ;4516
3201902 ;31847
3202009 ;6397
3202108 ;23212
3202207 ;17025
3202256 ;10869
3202306 ;27851
3202405 ;105286
3202454 ;22366
3202504 ;11178
3202553 ;8957
3202603 ;12523
3202652 ;11723
3202702 ;14134
3202801 ;30988
3202900 ;10881
3203007 ;27328
3203056 ;24678
3203106 ;10879
3203130 ;15809
3203163 ;10826
3203205 ;141306
3203304 ;13612
3203320 ;34140
3203346 ;14262
3203353 ;11107
3203403 ;25902
3203502 ;17849
3203601 ;5655
3203700 ;18397
3203809 ;14396
3203908 ;46031
3204005 ;21548
3204054 ;23794
3204104 ;23895
3204203 ;18123
3204252 ;6979
3204302 ;10314
3204351 ;17530
3204401 ;11325
3204500 ;12240
3204559 ;34176
3204609 ;21823
3204658 ;8001
3204708 ;31859
3204807 ;10408
3204906 ;109028
3204955 ;11273
3205002 ;409267
3205010 ;23843
3205036 ;19130
3205069 ;20447
3205101 ;65001
3205150 ;8672
3205176 ;13830
3205200 ;414586
3205309 ;327801
3300100 ;169511
3300159 ;10213
3300209 ;112008
3300225 ;11423
3300233 ;27560
3300258 ;27715
3300308 ;94778
3300407 ;177813
3300456 ;469332
3300506 ;25333
3300605 ;35411
3300704 ;186227
3300803 ;54273
3300902 ;14827
3300936 ;13359
3300951 ;8180
3301009 ;463731
3301108 ;19830
3301157 ;12600
3301207 ;17434
3301306 ;35347
3301405 ;21211
3301504 ;20430
3301603 ;10930
3301702 ;855048
3301801 ;13237
3301850 ;51483
3301876 ;22851
3301900 ;218008
3302007 ;109091
3302056 ;14063
3302106 ;22899
3302205 ;95841
3302254 ;28783
3302270 ;95492
3302304 ;7487
3302403 ;206728
3302452 ;5269
3302502 ;227322
3302601 ;36456
3302700 ;127461
3302809 ;17935
3302858 ;168376
3302908 ;24642
3303005 ;26843
3303104 ;15082
3303203 ;157425
3303302 ;487562
3303401 ;182082
3303500 ;796257
3303609 ;47124
3303708 ;41084
3303807 ;37533
3303856 ;26359
3303906 ;295917
3303955 ;22719
3304003 ;26314
3304102 ;17760
3304110 ;16592
3304128 ;12793
3304144 ;137962
3304151 ;20242
3304201 ;119769
3304300 ;55551
3304409 ;17425
3304508 ;8561
3304524 ;105676
3304557 ;6320446
3304607 ;10321
3304706 ;40589
3304755 ;41354
3304805 ;37543
3304904 ;999728
3305000 ;32747
3305109 ;458673
3305133 ;7003
3305158 ;20251
3305208 ;87875
3305307 ;8895
3305406 ;17525
3305505 ;74234
3305554 ;78186
3305604 ;21349
3305703 ;14900
3305752 ;30732
3305802 ;163746
3305901 ;10289
3306008 ;77432
3306107 ;71843
3306156 ;9475
3306206 ;34410
3306305 ;257803
3500105 ;33797
3500204 ;3557
3500303 ;32148
3500402 ;7584
3500501 ;17266
3500550 ;5601
3500600 ;2707
3500709 ;34524
3500758 ;4884
3500808 ;3891
3500907 ;3815
3501004 ;15607
3501103 ;4102
3501152 ;16839
3501202 ;3897
3501301 ;23513
3501400 ;4650
3501509 ;3000
3501608 ;210638
3501707 ;34478
3501806 ;5706
3501905 ;65829
3502002 ;4293
3502101 ;55334
3502200 ;22210
3502309 ;5653
3502408 ;3738
3502507 ;35007
3502606 ;4450
3502705 ;25191
3502754 ;17080
3502804 ;181579
3502903 ;27299
3503000 ;5152
3503109 ;6123
3503158 ;2493
3503208 ;208662
3503307 ;118843
3503356 ;1925
3503406 ;7841
3503505 ;3696
3503604 ;10579
3503703 ;8547
3503802 ;44177
3503901 ;74905
3503950 ;1809
3504008 ;95144
3504107 ;126603
3504206 ;14202
3504305 ;4959
3504404 ;11310
3504503 ;82934
3504602 ;14603
3504701 ;3702
3504800 ;8160
3504909 ;10223
3505005 ;3116
3505104 ;6593
3505203 ;31593
3505302 ;35246
3505351 ;5244
3505401 ;7729
3505500 ;112101
3505609 ;28496
3505708 ;240749
3505807 ;20445
3505906 ;56476
3506003 ;343937
3506102 ;75035
3506201 ;2674
3506300 ;10775
3506359 ;47645
3506409 ;7048
3506508 ;108728
3506607 ;28575
3506706 ;13645
3506805 ;10859
3506904 ;9618
3507001 ;48314
3507100 ;19708
3507159 ;3571
3507209 ;805
3507308 ;4268
3507407 ;14529
3507456 ;2293
3507506 ;127328
3507605 ;146744
3507704 ;5021
3507753 ;2573
3507803 ;21107
3507902 ;21580
3508009 ;18563
3508108 ;15418
3508207 ;4053
3508306 ;4365
3508405 ;41604
3508504 ;84752
3508603 ;30091
3508702 ;18538
3508801 ;16607
3508900 ;4072
3509007 ;86529
3509106 ;5039
3509205 ;64114
3509254 ;28372
3509304 ;9768
3509403 ;23371
3509452 ;5567
3509502 ;1080113
3509601 ;74074
3509700 ;47789
3509809 ;4539
3509908 ;12226
3509957 ;4385
3510005 ;29884
3510104 ;2668
3510153 ;4369
3510203 ;46178
3510302 ;17532
3510401 ;48576
3510500 ;100840
3510609 ;369584
3510708 ;11805
3510807 ;28307
3510906 ;2634
3511003 ;18003
3511102 ;112820
3511201 ;7127
3511300 ;7972
3511409 ;17532
3511508 ;39617
3511607 ;15540
3511706 ;15085
3511904 ;7065
3512001 ;17371
3512100 ;5994
3512209 ;25229
3512308 ;16288
3512407 ;21080
3512506 ;5238
3512605 ;5001
3512704 ;3874
3512803 ;58827
3512902 ;7214
3513009 ;201150
3513108 ;31691
3513207 ;7588
3513306 ;2274
3513405 ;77039
3513504 ;118720
3513603 ;21866
3513702 ;31056
3513801 ;386089
3513850 ;1689
3513900 ;11208
3514007 ;7939
3514106 ;24761
3514205 ;2096
3514304 ;8609
3514403 ;43258
3514502 ;12251
3514601 ;8143
3514700 ;6318
3514809 ;14641
3514908 ;15775
3514924 ;3120
3514957 ;2423
3515004 ;240230
3515103 ;62769
3515129 ;3020
3515152 ;15721
3515186 ;41907
3515194 ;4244
3515202 ;8208
3515301 ;2658
3515350 ;9585
3515400 ;15320
3515509 ;64696
3515608 ;5534
3515657 ;1563
3515707 ;168306
3515806 ;1752
3515905 ;3003
3516002 ;12848
3516101 ;2829
3516200 ;318640
3516309 ;154472
3516408 ;131604
3516507 ;2708
3516606 ;7011
3516705 ;43115
3516804 ;4193
3516853 ;4419
3516903 ;10669
3517000 ;10765
3517109 ;4565
3517208 ;10670
3517307 ;5425
3517406 ;37404
3517505 ;17869
3517604 ;17998
3517703 ;19858
3517802 ;8435
3517901 ;9976
3518008 ;1970
3518107 ;6404
3518206 ;30597
3518305 ;25844
3518404 ;112072
3518503 ;14565
3518602 ;35486
3518701 ;290752
3518800 ;1221979
3518859 ;6966
3518909 ;4754
3519006 ;8696
3519055 ;11299
3519071 ;192692
3519105 ;10013
3519204 ;6419
3519253 ;6376
3519303 ;30734
3519402 ;10896
3519501 ;6725
3519600 ;53158
3519709 ;71217
3519808 ;7462
3519907 ;7628
3520004 ;23362
3520103 ;27952
3520202 ;8831
3520301 ;28841
3520400 ;28196
3520426 ;9025
3520442 ;25064
3520509 ;201619
3520608 ;4825
3520707 ;3903
3520806 ;3630
3520905 ;13663
3521002 ;28300
3521101 ;6016
3521150 ;4463
3521200 ;4299
3521309 ;14148
3521408 ;20029
3521507 ;7275
3521606 ;7789
3521705 ;17858
3521804 ;24008
3521903 ;14556
3522000 ;3246
3522109 ;87057
3522158 ;3228
3522208 ;152614
3522307 ;144377
3522406 ;87753
3522505 ;200769
3522604 ;68537
3522653 ;3880
3522703 ;40051
3522802 ;14549
3522901 ;12173
3523008 ;4357
3523107 ;321770
3523206 ;47934
3523305 ;15471
3523404 ;101471
3523503 ;18052
3523602 ;15524
3523701 ;5914
3523800 ;7546
3523909 ;154147
3524006 ;44859
3524105 ;38695
3524204 ;6592
3524303 ;71662
3524402 ;211214
3524501 ;5657
3524600 ;17208
3524709 ;44311
3524808 ;47012
3524907 ;5349
3525003 ;108344
3525102 ;37661
3525201 ;23847
3525300 ;131040
3525409 ;3160
3525508 ;11768
3525607 ;4150
3525706 ;32763
3525805 ;4430
3525854 ;2798
3525904 ;370126
3526001 ;18726
3526100 ;19246
3526209 ;28737
3526308 ;4841
3526407 ;25251
3526506 ;8779
3526605 ;6590
3526704 ;91756
3526803 ;61428
3526902 ;276022
3527009 ;6712
3527108 ;71432
3527207 ;82537
3527256 ;2128
3527306 ;37125
3527405 ;19882
3527504 ;2249
3527603 ;11286
3527702 ;5030
3527801 ;4353
3527900 ;2714
3528007 ;16259
3528106 ;7663
3528205 ;3664
3528304 ;3200
3528403 ;43223
3528502 ;80956
3528601 ;8992
3528700 ;4812
3528809 ;13332
3528858 ;2633
3528908 ;3916
3529005 ;216745
3529104 ;2113
3529203 ;24219
3529302 ;76786
3529401 ;417064
3529500 ;4640
3529609 ;3855
3529658 ;1886
3529708 ;20451
3529807 ;12038
3529906 ;20592
3530003 ;2820
3530102 ;27483
3530201 ;17059
3530300 ;53792
3530409 ;4295
3530508 ;66290
3530607 ;387779
3530706 ;137245
3530805 ;86505
3530904 ;3266
3531001 ;2132
3531100 ;46293
3531209 ;7152
3531308 ;46642
3531407 ;21746
3531506 ;18931
3531605 ;4063
3531704 ;4120
3531803 ;48949
3531902 ;29116
3532009 ;11769
3532058 ;4290
3532108 ;4186
3532157 ;2707
3532207 ;4288
3532306 ;6678
3532405 ;16414
3532504 ;8772
3532603 ;10725
3532702 ;4274
3532801 ;5891
3532827 ;8515
3532843 ;2114
3532868 ;1125
3532900 ;9300
3533007 ;19180
3533106 ;2177
3533205 ;3068
3533254 ;4592
3533304 ;3441
3533403 ;51242
3533502 ;36593
3533601 ;6817
3533700 ;4163
3533809 ;2673
3533908 ;50024
3534005 ;3884
3534104 ;6097
3534203 ;5675
3534302 ;39781
3534401 ;666740
3534500 ;2537
3534609 ;30917
3534708 ;103035
3534757 ;8405
3534807 ;7800
3534906 ;13226
3535002 ;11051
3535101 ;10934
3535200 ;9584
3535309 ;21186
3535408 ;14583
3535507 ;42278
3535606 ;17388
3535705 ;5898
3535804 ;17808
3535903 ;3815
3536000 ;10844
3536109 ;5582
3536208 ;18446
3536257 ;2032
3536307 ;13000
3536406 ;6339
3536505 ;82146
3536570 ;1779
3536604 ;8589
3536703 ;41497
3536802 ;5780
3536901 ;2558
3537008 ;15700
3537107 ;41558
3537156 ;2940
3537206 ;10204
3537305 ;58510
3537404 ;24962
3537503 ;7454
3537602 ;59773
3537701 ;5287
3537800 ;52143
3537909 ;26406
3538006 ;146995
3538105 ;15039
3538204 ;13105
3538303 ;3537
3538501 ;14107
3538600 ;25116
3538709 ;364571
3538808 ;28475
3538907 ;22704
3539004 ;10623
3539103 ;15733
3539202 ;24694
3539301 ;70081
3539400 ;12072
3539509 ;35307
3539608 ;4463
3539707 ;3192
3539806 ;106013
3539905 ;5395
3540002 ;19964
3540101 ;3481
3540200 ;40244
3540259 ;4074
3540309 ;2518
3540408 ;4223
3540507 ;8326
3540606 ;48893
3540705 ;51400
3540754 ;19397
3540804 ;15449
3540853 ;2858
3540903 ;17377
3541000 ;262051
3541059 ;4599
3541109 ;4123
3541208 ;13570
3541307 ;41318
3541406 ;207610
3541505 ;37910
3541604 ;35674
3541653 ;3236
3541703 ;12799
3541802 ;2808
3541901 ;11309
3542008 ;6004
3542107 ;8612
3542206 ;28804
3542305 ;3873
3542404 ;18494
3542503 ;7323
3542602 ;54261
3542701 ;6587
3542800 ;3358
3542909 ;12135
3543006 ;18269
3543105 ;4273
3543204 ;4446
3543238 ;2187
3543253 ;7422
3543303 ;113068
3543402 ;604682
3543501 ;6163
3543600 ;3436
3543709 ;10414
3543808 ;9935
3543907 ;186253
3544004 ;29501
3544103 ;43974
3544202 ;10575
3544251 ;19691
3544301 ;9599
3544400 ;2729
3544509 ;2862
3544608 ;5217
3544707 ;2395
3544806 ;5451
3544905 ;10568
3545001 ;15635
3545100 ;4818
3545159 ;7059
3545209 ;105516
3545308 ;40132
3545407 ;8787
3545506 ;3699
3545605 ;14333
3545704 ;5723
3545803 ;180009
3546009 ;13763
3546108 ;2084
3546207 ;4002
3546256 ;1953
3546306 ;29932
3546405 ;43921
3546504 ;5568
3546603 ;29239
3546702 ;21634
3546801 ;50453
3546900 ;8248
3547007 ;5413
3547106 ;2831
3547205 ;1641
3547304 ;108813
3547403 ;2543
3547502 ;26478
3547601 ;23862
3547650 ;1447
3547700 ;20475
3547809 ;676407
3547908 ;6304
3548005 ;20650
3548054 ;7626
3548104 ;5943
3548203 ;6486
3548302 ;2803
3548401 ;4277
3548500 ;419400
3548609 ;10468
3548708 ;765463
3548807 ;149263
3548906 ;221950
3549003 ;2793
3549102 ;83639
3549201 ;2566
3549250 ;1780
3549300 ;2103
3549409 ;46512
3549508 ;8406
3549607 ;4077
3549706 ;51900
3549805 ;408258
3549904 ;629921
3549953 ;13973
3550001 ;10397
3550100 ;38342
3550209 ;31450
3550308 ;11253503
3550407 ;31662
3550506 ;7198
3550605 ;78821
3550704 ;73942
3550803 ;12099
3550902 ;14346
3551009 ;332445
3551108 ;9027
3551207 ;3622
3551306 ;3031
3551405 ;11256
3551504 ;38878
3551603 ;26387
3551702 ;110074
3551801 ;13005
3551900 ;15501
3552007 ;5792
3552106 ;36686
3552205 ;586625
3552304 ;7435
3552403 ;241311
3552502 ;262480
3552551 ;3383
3552601 ;11363
3552700 ;14686
3552809 ;244528
3552908 ;5714
3553005 ;10828
3553104 ;5894
3553203 ;5447
3553302 ;22406
3553401 ;24055
3553500 ;8012
3553609 ;12737
3553658 ;2726
3553708 ;53988
3553807 ;22291
3553856 ;5151
3553906 ;6607
3553955 ;12885
3554003 ;107326
3554102 ;278686
3554201 ;4809
3554300 ;21386
3554409 ;8505
3554508 ;36835
3554607 ;2646
3554656 ;2254
3554706 ;9330
3554755 ;1544
3554805 ;40984
3554904 ;5427
3554953 ;5930
3555000 ;63476
3555109 ;14269
3555208 ;1930
3555307 ;1978
3555356 ;5289
3555406 ;78801
3555505 ;4427
3555604 ;9471
3555703 ;1599
3555802 ;8836
3555901 ;1251
3556008 ;12714
3556107 ;11036
3556206 ;106793
3556305 ;22576
3556354 ;8801
3556404 ;39266
3556453 ;42997
3556503 ;107089
3556602 ;10769
3556701 ;63611
3556800 ;17297
3556909 ;6886
3556958 ;1737
3557006 ;108809
3557105 ;84692
3557154 ;2335
3557204 ;12114
3557303 ;10044
4100103 ;7764
4100202 ;6376
4100301 ;8270
4100400 ;103204
4100459 ;4306
4100509 ;20516
4100608 ;13663
4100707 ;10179
4100806 ;10283
4100905 ;5443
4101002 ;17308
4101051 ;2874
4101101 ;20610
4101150 ;2859
4101200 ;18891
4101309 ;7351
4101408 ;120919
4101507 ;104150
4101606 ;25855
4101655 ;3561
4101705 ;13419
4101804 ;119123
4101853 ;2453
4101903 ;16354
4102000 ;33025
4102109 ;24698
4102208 ;3913
4102307 ;11300
4102406 ;32184
4102505 ;12656
4102604 ;9735
4102703 ;2727
4102752 ;3945
4102802 ;15079
4102901 ;15880
4103008 ;4568
4103024 ;2764
4103040 ;6554
4103057 ;7911
4103107 ;10987
4103156 ;3796
4103206 ;6561
4103222 ;3293
4103305 ;7878
4103354 ;5735
4103370 ;3209
4103404 ;2695
4103453 ;14662
4103479 ;4290
4103503 ;8069
4103602 ;23886
4103701 ;96733
4103800 ;7236
4103909 ;15394
4103958 ;4076
4104006 ;38769
4104055 ;4407
4104105 ;7125
4104204 ;112377
4104253 ;24843
4104303 ;87194
4104402 ;16655
4104428 ;14983
4104451 ;12952
4104501 ;18526
4104600 ;14970
4104659 ;19163
4104709 ;13706
4104808 ;286205
4104907 ;67084
4105003 ;10202
4105102 ;11190
4105201 ;16938
4105300 ;11032
4105409 ;19679
4105508 ;69958
4105607 ;11062
4105706 ;17240
4105805 ;212967
4105904 ;22345
4106001 ;8279
4106100 ;3636
4106209 ;15891
4106308 ;16312
4106407 ;46928
4106456 ;7238
4106506 ;21749
4106555 ;4002
4106571 ;4278
4106605 ;20416
4106704 ;4563
4106803 ;18040
4106852 ;3162
4106902 ;1751907
4107009 ;13923
4107108 ;5516
4107124 ;3510
4107157 ;5027
4107207 ;36179
4107256 ;7445
4107306 ;5828
4107405 ;6103
4107504 ;13906
4107520 ;1970
4107538 ;3926
4107546 ;4677
4107553 ;3472
4107603 ;16314
4107652 ;81675
4107702 ;4802
4107736 ;5932
4107751 ;8293
4107801 ;5050
4107850 ;4726
4107900 ;5931
4108007 ;11222
4108106 ;2543
4108205 ;7541
4108304 ;256088
4108320 ;6418
4108403 ;78943
4108452 ;5420
4108502 ;13669
4108551 ;3337
4108601 ;29018
4108650 ;7503
4108700 ;6625
4108809 ;30704
4108908 ;6197
4108957 ;7900
4109005 ;3891
4109104 ;2219
4109203 ;5227
4109302 ;14582
4109401 ;167328
4109500 ;7871
4109609 ;32095
4109658 ;5955
4109708 ;28751
4109757 ;6066
4109807 ;48198
4109906 ;8839
4110003 ;3982
4110052 ;2234
4110078 ;11274
4110102 ;28455
4110201 ;10943
4110300 ;2988
4110409 ;4299
4110508 ;14150
4110607 ;14981
4110656 ;2578
4110706 ;56207
4110805 ;10622
4110904 ;4568
4110953 ;9026
4111001 ;6759
4111100 ;5979
4111209 ;10531
4111258 ;23887
4111308 ;3583
4111407 ;12815
4111506 ;31816
4111555 ;7514
4111605 ;3010
4111704 ;4902
4111803 ;39121
4111902 ;12225
4112009 ;32606
4112108 ;20269
4112207 ;6532
4112306 ;4903
4112405 ;8549
4112504 ;12324
4112603 ;1409
4112702 ;11875
4112751 ;9001
4112801 ;10736
4112900 ;3433
4112959 ;7641
4113007 ;6610
4113106 ;4506
4113205 ;44932
4113254 ;6360
4113304 ;30777
4113403 ;4145
4113429 ;3973
4113452 ;5361
4113502 ;21201
4113601 ;4401
4113700 ;506701
4113734 ;7315
4113759 ;5160
4113809 ;4592
4113908 ;12973
4114005 ;13961
4114104 ;19781
4114203 ;32658
4114302 ;22220
4114351 ;3127
4114401 ;17048
4114500 ;13169
4114609 ;46819
4114708 ;5956
4114807 ;31959
4114906 ;8863
4115002 ;6858
4115101 ;10224
4115200 ;357077
4115309 ;6268
4115358 ;5684
4115408 ;13900
4115457 ;4981
4115507 ;4603
4115606 ;16078
4115705 ;29428
4115739 ;3818
4115754 ;8555
4115804 ;41817
4115853 ;5046
4115903 ;2327
4116000 ;1862
4116059 ;10474
4116109 ;12606
4116208 ;15718
4116307 ;3672
4116406 ;3836
4116505 ;1431
4116604 ;3478
4116703 ;11866
4116802 ;7425
4116901 ;26615
4116950 ;5098
4117008 ;8147
4117057 ;11241
4117107 ;13067
4117206 ;5503
4117214 ;3908
4117222 ;7626
4117255 ;10377
4117271 ;7398
4117297 ;2827
4117305 ;23380
4117404 ;3380
4117453 ;5692
4117503 ;35936
4117602 ;42888
4117701 ;32123
4117800 ;14865
4117909 ;28683
4118006 ;11772
4118105 ;10250
4118204 ;140469
4118303 ;2791
4118402 ;81590
4118451 ;4822
4118501 ;72370
4118600 ;5434
4118709 ;6913
4118808 ;13624
4118857 ;5653
4118907 ;10208
4119004 ;6761
4119103 ;11236
4119152 ;117008
4119202 ;6215
4119251 ;2625
4119301 ;30208
4119400 ;23424
4119509 ;93207
4119608 ;32638
4119657 ;2814
4119707 ;4095
4119806 ;13654
4119905 ;311611
4119954 ;20920
4120002 ;14189
4120101 ;4514
4120150 ;3663
4120200 ;2530
4120309 ;4020
4120333 ;3434
4120358 ;5628
4120408 ;4784
4120507 ;10832
4120606 ;48792
4120655 ;4856
4120705 ;7045
4120804 ;19851
4120853 ;3803
4120903 ;30605
4121000 ;11729
4121109 ;5088
4121208 ;17089
4121257 ;4134
4121307 ;3955
4121356 ;2847
4121406 ;16338
4121505 ;14176
4121604 ;6812
4121703 ;25172
4121752 ;7307
4121802 ;10678
4121901 ;13524
4122008 ;14093
4122107 ;3334
4122156 ;13661
4122172 ;3898
4122206 ;30650
4122305 ;31274
4122404 ;57862
4122503 ;11537
4122602 ;8996
4122651 ;5588
4122701 ;6096
4122800 ;4403
4122909 ;5178
4123006 ;13689
4123105 ;3803
4123204 ;3646
4123303 ;8092
4123402 ;10432
4123501 ;23413
4123600 ;1818
4123709 ;8760
4123808 ;13132
4123824 ;3925
4123857 ;11500
4123907 ;12435
4123956 ;3571
4124004 ;5249
4124020 ;10332
4124053 ;20841
4124103 ;42707
4124202 ;2727
4124301 ;2408
4124400 ;18893
4124509 ;5269
4124608 ;6354
4124707 ;11337
4124806 ;10599
4124905 ;5911
4125001 ;11525
4125100 ;13704
4125209 ;9085
4125308 ;5517
4125357 ;6041
4125407 ;6511
4125456 ;3830
4125506 ;264210
4125555 ;2098
4125605 ;41257
4125704 ;25769
4125753 ;6491
4125803 ;10167
4125902 ;2491
4126009 ;8626
4126108 ;5349
4126207 ;6736
4126256 ;82847
4126272 ;5028
4126306 ;18414
4126355 ;4568
4126405 ;5817
4126504 ;15638
4126603 ;18454
4126652 ;3394
4126678 ;12262
4126702 ;4664
4126801 ;14598
4126900 ;5836
4127007 ;10283
4127106 ;69872
4127205 ;15776
4127304 ;15221
4127403 ;16759
4127502 ;19344
4127601 ;14537
4127700 ;119313
4127809 ;8791
4127858 ;11824
4127882 ;6256
4127908 ;8695
4127957 ;7997
4127965 ;13811
4128005 ;21558
4128104 ;100676
4128203 ;52735
4128302 ;2466
4128401 ;11472
4128500 ;19298
4128534 ;9957
4128559 ;8973
4128609 ;7878
4128625 ;3206
4128633 ;5727
4128658 ;3950
4128708 ;6513
4128807 ;6012
4200051 ;2653
4200101 ;17100
4200200 ;9323
4200309 ;4904
4200408 ;6961
4200507 ;6110
4200556 ;2424
4200606 ;5548
4200705 ;9410
4200754 ;2005
4200804 ;6380
4200903 ;5250
4201000 ;8623
4201109 ;3214
4201208 ;7458
4201257 ;9600
4201273 ;4193
4201307 ;24810
4201406 ;61310
4201505 ;7753
4201604 ;3502
4201653 ;2260
4201703 ;7412
4201802 ;3300
4201901 ;5549
4201950 ;9586
4202008 ;108089
4202057 ;8430
4202073 ;8234
4202081 ;2906
4202099 ;1878
4202107 ;22386
4202131 ;6004
4202156 ;2635
4202206 ;10336
4202305 ;58206
4202404 ;309011
4202438 ;3290
4202453 ;14293
4202503 ;4395
4202537 ;2526
4202578 ;2132
4202602 ;8942
4202701 ;4468
4202800 ;29018
4202859 ;3457
4202875 ;2850
4202909 ;105503
4203006 ;70762
4203105 ;6219
4203154 ;3387
4203204 ;62361
4203253 ;2753
4203303 ;11748
4203402 ;7483
4203501 ;9370
4203600 ;32824
4203709 ;10603
4203808 ;52765
4203907 ;20769
4203956 ;21674
4204004 ;9555
4204103 ;4411
4204152 ;2771
4204178 ;3581
4204194 ;2762
4204202 ;183530
4204251 ;15159
4204301 ;68621
4204350 ;3767
4204400 ;10213
4204459 ;2458
4204509 ;13852
4204558 ;14785
4204608 ;192308
4204707 ;10613
4204756 ;1882
4204806 ;37748
4204905 ;8634
4205001 ;14811
4205100 ;3721
4205159 ;3604
4205175 ;3018
4205191 ;2050
4205209 ;4352
4205308 ;10661
4205357 ;1588
4205407 ;421240
4205431 ;2601
4205456 ;22548
4205506 ;34553
4205555 ;2474
4205605 ;3472
4205704 ;18138
4205803 ;14761
4205902 ;57981
4206009 ;12999
4206108 ;6223
4206207 ;10635
4206306 ;18430
4206405 ;10498
4206504 ;35172
4206603 ;4908
4206652 ;4679
4206702 ;21239
4206751 ;1945
4206801 ;3373
4206900 ;17330
4207007 ;58833
4207106 ;12355
4207205 ;11672
4207304 ;40170
4207403 ;5707
4207502 ;54854
4207577 ;2739
4207601 ;4752
4207650 ;8409
4207684 ;6798
4207700 ;7220
4207759 ;4253
4207809 ;9531
4207858 ;2096
4207908 ;10448
4208005 ;6426
4208104 ;20301
4208203 ;183373
4208302 ;45797
4208401 ;15409
4208450 ;14763
4208500 ;22250
4208609 ;4041
4208708 ;10609
4208807 ;17290
4208906 ;143123
4208955 ;1766
4209003 ;27020
4209102 ;515288
4209151 ;4721
4209177 ;2148
4209201 ;2199
4209300 ;156727
4209409 ;51562
4209458 ;1490
4209508 ;6004
4209607 ;14367
4209706 ;11838
4209805 ;3365
4209854 ;4642
4209904 ;10244
4210001 ;10438
4210035 ;5600
4210050 ;1826
4210100 ;52912
4210209 ;3279
4210308 ;7479
4210407 ;6404
4210506 ;22101
4210555 ;2203
4210605 ;14674
4210704 ;2839
4210803 ;7000
4210852 ;2513
4210902 ;4045
4211009 ;10231
4211058 ;9312
4211108 ;8346
4211207 ;16126
4211256 ;2890
4211306 ;60556
4211405 ;4275
4211454 ;4267
4211504 ;12190
4211603 ;13309
4211652 ;2750
4211702 ;21393
4211751 ;16337
4211801 ;7372
4211850 ;2271
4211876 ;1763
4211892 ;2353
4211900 ;137334
4212007 ;7765
4212056 ;2373
4212106 ;16020
4212205 ;17928
4212239 ;4080
4212254 ;6627
4212270 ;4425
4212304 ;6692
4212403 ;4107
4212502 ;25141
4212601 ;2988
4212700 ;6131
4212809 ;17078
4212908 ;16332
4213005 ;3147
4213104 ;4786
4213153 ;2654
4213203 ;27759
4213302 ;4894
4213351 ;3303
4213401 ;11031
4213500 ;16083
4213609 ;33493
4213708 ;14810
4213807 ;7267
4213906 ;1725
4214003 ;14887
4214102 ;2284
4214151 ;2758
4214201 ;10248
4214300 ;2748
4214409 ;6143
4214508 ;6192
4214607 ;7090
4214706 ;10284
4214805 ;61198
4214904 ;4446
4215000 ;39846
4215059 ;2436
4215075 ;4838
4215109 ;10922
4215208 ;5551
4215307 ;7370
4215356 ;3961
4215406 ;4301
4215455 ;10400
4215505 ;15757
4215554 ;2382
4215604 ;2065
4215653 ;8054
4215679 ;8767
4215687 ;2896
4215695 ;1465
4215703 ;19823
4215752 ;2677
4215802 ;74801
4215901 ;3008
4216008 ;10291
4216057 ;5012
4216107 ;9491
4216206 ;42520
4216255 ;6036
4216305 ;26260
4216354 ;3435
4216404 ;7002
4216503 ;24812
4216602 ;209804
4216701 ;13684
4216800 ;9273
4216909 ;21792
4217006 ;10993
4217105 ;3209
4217154 ;1904
4217204 ;36306
4217253 ;4704
4217303 ;9016
4217402 ;15316
4217501 ;16936
4217550 ;3285
4217600 ;12998
4217709 ;26613
4217758 ;2766
4217808 ;17260
4217907 ;8674
4217956 ;1757
4218004 ;30960
4218103 ;5308
4218202 ;36774
4218251 ;7167
4218301 ;18129
4218350 ;3527
4218400 ;6876
4218509 ;6341
4218608 ;6553
4218707 ;97235
4218756 ;4633
4218806 ;11854
4218855 ;2910
4218905 ;10699
4218954 ;2482
4219002 ;20223
4219101 ;3532
4219150 ;2808
4219176 ;4793
4219200 ;6290
4219309 ;47188
4219358 ;5207
4219408 ;3600
4219507 ;44128
4219606 ;4142
4219705 ;25713
4219853 ;2991
4300034 ;4394
4300059 ;3722
4300109 ;16722
4300208 ;7255
4300307 ;7045
4300406 ;77653
4300455 ;4301
4300471 ;2067
4300505 ;8027
4300554 ;1848
4300570 ;2917
4300604 ;195673
4300638 ;6353
4300646 ;7323
4300661 ;1216
4300703 ;6073
4300802 ;12833
4300851 ;3693
4300877 ;4864
4300901 ;6565
4301008 ;18783
4301057 ;7740
4301073 ;2730
4301107 ;13606
4301206 ;12648
4301305 ;18470
4301404 ;10225
4301503 ;7096
4301552 ;3665
4301602 ;116794
4301636 ;10856
4301651 ;5741
4301701 ;6529
4301750 ;7018
4301800 ;5357
4301859 ;3089
4301875 ;4012
4301909 ;12572
4301925 ;2003
4301958 ;2367
4302006 ;11133
4302055 ;2307
4302105 ;107278
4302154 ;2114
4302204 ;6574
4302220 ;2441
4302238 ;2425
4302253 ;2776
4302303 ;11519
4302352 ;11789
4302378 ;2328
4302402 ;11472
4302451 ;7673
4302501 ;6884
4302584 ;2200
4302600 ;3702
4302659 ;4675
4302709 ;20406
4302808 ;33690
4302907 ;13676
4303004 ;83827
4303103 ;118278
4303202 ;4868
4303301 ;4954
4303400 ;5071
4303509 ;62764
4303558 ;2592
4303608 ;6542
4303673 ;3247
4303707 ;6117
4303806 ;5506
4303905 ;60074
4304002 ;5459
4304101 ;3494
4304200 ;30171
4304309 ;6535
4304358 ;8771
4304408 ;39229
4304507 ;53259
4304606 ;323827
4304614 ;1807
4304622 ;1754
4304630 ;42040
4304655 ;3104
4304663 ;24298
4304671 ;3890
4304689 ;11612
4304697 ;2636
4304705 ;59317
4304713 ;7312
4304804 ;25192
4304853 ;1607
4304903 ;8651
4304952 ;3007
4305009 ;9323
4305108 ;435564
4305116 ;2965
4305124 ;6402
4305132 ;4454
4305157 ;2417
4305173 ;10268
4305207 ;13289
4305306 ;9377
4305355 ;35320
4305371 ;3471
4305405 ;4044
4305439 ;5917
4305447 ;4944
4305454 ;12668
4305504 ;4922
4305587 ;2420
4305603 ;3550
4305702 ;6552
4305801 ;9752
4305835 ;1528
4305850 ;2457
4305871 ;2459
4305900 ;7748
4305934 ;1725
4305959 ;3917
4305975 ;2826
4306007 ;14084
4306056 ;7280
4306072 ;2826
4306106 ;62821
4306130 ;2141
4306205 ;12320
4306304 ;4683
4306320 ;3190
4306353 ;2866
4306379 ;3064
4306403 ;27572
4306429 ;2157
4306452 ;3278
4306502 ;14380
4306551 ;2550
4306601 ;38898
4306700 ;3401
4306734 ;5313
4306759 ;2030
4306767 ;34343
4306809 ;20510
4306908 ;24534
4306924 ;1527
4306932 ;8938
4306957 ;3080
4306973 ;2970
4307005 ;96087
4307054 ;3088
4307104 ;6753
4307203 ;5163
4307302 ;7878
4307401 ;3168
4307450 ;3272
4307500 ;15240
4307559 ;6011
4307609 ;42574
4307708 ;80755
4307807 ;30619
4307815 ;3628
4307831 ;2798
4307864 ;2579
4307906 ;63635
4308003 ;6672
4308052 ;2567
4308078 ;3697
4308102 ;12359
4308201 ;27126
4308250 ;2018
4308300 ;10719
4308409 ;7014
4308433 ;2479
4308458 ;4575
4308508 ;28843
4308607 ;30689
4308656 ;3234
4308706 ;5862
4308805 ;8447
4308854 ;1677
4308904 ;16154
4309001 ;17075
4309050 ;6891
4309100 ;32273
4309126 ;2269
4309159 ;3970
4309209 ;255660
4309258 ;1598
4309308 ;95204
4309407 ;22814
4309506 ;8115
4309555 ;4254
4309571 ;2954
4309605 ;18348
4309654 ;6043
4309704 ;4919
4309753 ;4371
4309803 ;4710
4309902 ;7171
4309951 ;4061
4310009 ;19310
4310108 ;31660
4310207 ;78915
4310306 ;4102
4310330 ;17670
4310363 ;3023
4310405 ;6618
4310413 ;2267
4310439 ;6016
4310462 ;1944
4310504 ;8078
4310538 ;5010
4310553 ;3441
4310579 ;2344
4310603 ;38159
4310652 ;2584
4310702 ;4171
4310751 ;2156
4310801 ;19874
4310850 ;4098
4310876 ;2507
4310900 ;3633
4311007 ;27931
4311106 ;11473
4311122 ;4177
4311130 ;3575
4311155 ;8331
4311205 ;19579
4311239 ;2662
4311254 ;6185
4311270 ;1598
4311304 ;27525
4311403 ;71445
4311429 ;2487
4311502 ;7679
4311601 ;5780
4311627 ;5227
4311643 ;1624
4311700 ;5510
4311718 ;4738
4311734 ;3003
4311759 ;7072
4311775 ;6905
4311791 ;2527
4311809 ;36364
4311908 ;5134
4311981 ;3768
4312005 ;2210
4312054 ;4068
4312104 ;5111
4312138 ;2470
4312153 ;3865
4312179 ;1799
4312203 ;4911
4312252 ;7631
4312302 ;4855
4312351 ;1542
4312377 ;3102
4312385 ;2670
4312401 ;59415
4312427 ;2749
4312443 ;3182
4312450 ;6227
4312476 ;5676
4312500 ;12124
4312609 ;4791
4312617 ;2988
4312625 ;1813
4312658 ;15936
4312674 ;1721
4312708 ;12074
4312757 ;3182
4312807 ;4001
4312906 ;8840
4312955 ;1960
4313003 ;3184
4313011 ;2751
4313037 ;4671
4313060 ;18346
4313086 ;2450
4313102 ;6342
4313201 ;19045
4313300 ;22830
4313334 ;2437
4313359 ;3343
4313375 ;22716
4313391 ;3855
4313409 ;238940
4313425 ;3925
4313441 ;2277
4313466 ;1757
4313490 ;3978
4313508 ;40906
4313607 ;4243
4313656 ;10969
4313706 ;34328
4313805 ;6920
4313904 ;38058
4313953 ;9895
4314001 ;6812
4314027 ;7336
4314035 ;3511
4314050 ;51502
4314068 ;5154
4314076 ;6011
4314100 ;184826
4314134 ;2196
4314159 ;8044
4314175 ;2212
4314209 ;7811
4314308 ;3973
4314407 ;328275
4314423 ;5182
4314456 ;2513
4314464 ;2130
4314472 ;4471
4314498 ;4497
4314506 ;12780
4314555 ;2757
4314605 ;19841
4314704 ;10524
4314753 ;2017
4314779 ;3857
4314787 ;1750
4314803 ;30920
4314902 ;1409351
4315008 ;5413
4315057 ;2542
4315073 ;1852
4315107 ;10558
4315131 ;1875
4315149 ;2484
4315156 ;6163
4315172 ;2000
4315206 ;4141
4315305 ;23021
4315313 ;1775
4315321 ;2710
4315354 ;3653
4315404 ;10222
4315453 ;2155
4315503 ;15849
4315552 ;3616
4315602 ;197228
4315701 ;37591
4315750 ;4330
4315800 ;10284
4315909 ;5743
4315958 ;2546
4316006 ;19485
4316105 ;10221
4316204 ;5518
4316303 ;7203
4316402 ;39707
4316428 ;2595
4316436 ;2869
4316451 ;11880
4316477 ;2669
4316501 ;6747
4316600 ;15373
4316709 ;8829
4316733 ;1655
4316758 ;5697
4316808 ;118374
4316907 ;261031
4316956 ;6053
4316972 ;2352
4317004 ;8242
4317103 ;82464
4317202 ;68587
4317251 ;1720
4317301 ;30990
4317400 ;49071
4317509 ;76275
4317558 ;2139
4317608 ;39685
4317707 ;11210
4317756 ;1987
4317806 ;13968
4317905 ;14378
4317954 ;2461
4318002 ;61671
4318051 ;2926
4318101 ;19254
4318200 ;20537
4318309 ;60425
4318408 ;22134
4318424 ;4726
4318432 ;2635
4318440 ;2774
4318457 ;2720
4318465 ;2204
4318481 ;4094
4318499 ;2200
4318507 ;25503
4318606 ;6904
4318614 ;2082
4318622 ;3290
4318705 ;214087
4318804 ;43111
4318903 ;34556
4319000 ;20103
4319109 ;5773
4319125 ;3201
4319158 ;7421
4319208 ;5727
4319307 ;6364
4319356 ;3315
4319364 ;1886
4319372 ;2873
4319406 ;16368
4319505 ;21932
4319604 ;23798
4319703 ;3632
4319711 ;2168
4319737 ;2647
4319752 ;1944
4319802 ;8440
4319901 ;74985
4320008 ;130957
4320107 ;21285
4320206 ;10897
4320230 ;3011
4320263 ;7158
4320305 ;4929
4320321 ;2814
4320354 ;5198
4320404 ;14253
4320453 ;2281
4320503 ;6294
4320552 ;5850
4320578 ;2124
4320602 ;3842
4320651 ;2449
4320677 ;10068
4320701 ;14283
4320800 ;30044
4320859 ;4131
4320909 ;19250
4321006 ;10448
4321105 ;16629
4321204 ;54643
4321303 ;26092
4321329 ;2966
4321352 ;5351
4321402 ;13719
4321436 ;9878
4321451 ;27272
4321469 ;2724
4321477 ;6461
4321493 ;2952
4321501 ;34656
4321600 ;41585
4321626 ;2314
4321634 ;2855
4321667 ;10217
4321709 ;23848
4321808 ;23726
4321832 ;2914
4321857 ;4381
4321907 ;23965
4321956 ;5787
4322004 ;25793
4322103 ;5898
4322152 ;4395
4322186 ;1573
4322202 ;22281
4322251 ;3924
4322301 ;8557
4322327 ;3522
4322343 ;2296
4322350 ;1487
4322376 ;2450
4322400 ;125435
4322509 ;61342
4322525 ;3253
4322533 ;11077
4322541 ;5118
4322558 ;1984
4322608 ;65946
4322707 ;23983
4322806 ;22810
4322855 ;1974
4322905 ;5311
4323002 ;239384
4323101 ;5285
4323200 ;3036
4323309 ;3207
4323358 ;2152
4323408 ;4221
4323457 ;4221
4323507 ;2832
4323606 ;1569
4323705 ;2759
4323754 ;3485
4323770 ;2793
4323804 ;12434
5000203 ;14424
5000252 ;4569
5000609 ;34730
5000708 ;23835
5000807 ;8493
5000856 ;9185
5000906 ;8208
5001003 ;22320
5001102 ;45614
5001243 ;10251
5001508 ;6609
5001904 ;19839
5002001 ;10936
5002100 ;23181
5002159 ;7985
5002209 ;19587
5002308 ;11826
5002407 ;25767
5002605 ;13625
5002704 ;786797
5002803 ;5398
5002902 ;20966
5002951 ;19648
5003108 ;4862
5003157 ;14064
5003207 ;103703
5003256 ;19695
5003306 ;32159
5003454 ;12139
5003488 ;10363
5003504 ;5364
5003702 ;196035
5003751 ;11694
5003801 ;19035
5003900 ;2928
5004007 ;9927
5004106 ;10366
5004304 ;14875
5004403 ;7669
5004502 ;20865
5004601 ;18614
5004700 ;22341
5004809 ;7731
5004908 ;6341
5005004 ;24346
5005103 ;4011
5005152 ;5900
5005202 ;19617
5005251 ;6491
5005400 ;37405
5005608 ;25595
5005681 ;17043
5005707 ;46424
5005806 ;14391
5006002 ;16432
5006200 ;45585
5006259 ;4940
5006309 ;40192
5006358 ;12350
5006408 ;7967
5006606 ;77872
5006903 ;15372
5007109 ;20946
5007208 ;30663
5007307 ;5036
5007406 ;18890
5007505 ;4928
5007554 ;7259
5007695 ;22203
5007703 ;10780
5007802 ;6287
5007901 ;42132
5007935 ;14833
5007950 ;10215
5007976 ;3518
5008008 ;17146
5008305 ;101791
5008404 ;5901
5100102 ;5516
5100201 ;20856
5100250 ;49164
5100300 ;15644
5100359 ;5247
5100409 ;10350
5100508 ;10066
5100607 ;8072
5100805 ;8567
5101001 ;3197
5101209 ;1096
5101258 ;15342
5101308 ;10316
5101407 ;18656
5101605 ;7591
5101704 ;31793
5101803 ;56560
5101852 ;5314
5101902 ;15357
5102504 ;87942
5102603 ;14305
5102637 ;27577
5102678 ;31589
5102686 ;5154
5102694 ;4786
5102702 ;18754
5102793 ;10990
5102850 ;8231
5103007 ;17821
5103056 ;11028
5103106 ;5490
5103205 ;30766
5103254 ;26381
5103304 ;18178
5103353 ;25124
5103361 ;3385
5103379 ;14983
5103403 ;551098
5103437 ;4866
5103452 ;8523
5103502 ;20341
5103601 ;8171
5103700 ;10933
5103809 ;3796
5103858 ;6293
5103908 ;5027
5103957 ;3135
5104104 ;32216
5104203 ;13934
5104500 ;2397
5104526 ;5123
5104542 ;5276
5104559 ;4575
5104609 ;11478
5104807 ;25647
5104906 ;7696
5105002 ;10455
5105101 ;32791
5105150 ;39255
5105176 ;11201
5105200 ;11430
5105234 ;5431
5105259 ;45556
5105309 ;2224
5105507 ;14493
5105580 ;12006
5105606 ;14174
5105622 ;25299
5105903 ;15002
5106000 ;6436
5106109 ;11609
5106158 ;11643
5106174 ;3029
5106182 ;5436
5106190 ;3468
5106208 ;4587
5106216 ;12127
5106224 ;31649
5106232 ;17515
5106240 ;9218
5106257 ;19643
5106265 ;7332
5106273 ;3749
5106281 ;6042
5106299 ;10684
5106307 ;19290
5106315 ;2005
5106372 ;15755
5106422 ;30812
5106455 ;2726
5106505 ;31779
5106653 ;5395
5106703 ;1768
5106752 ;41408
5106778 ;10748
5106802 ;5449
5106828 ;11031
5106851 ;3649
5107008 ;17599
5107040 ;52066
5107065 ;13033
5107107 ;18998
5107156 ;2572
5107180 ;8881
5107198 ;2199
5107206 ;5070
5107248 ;4085
5107263 ;2991
5107297 ;3592
5107305 ;17124
5107354 ;5240
5107404 ;4158
5107578 ;3604
5107602 ;195476
5107701 ;17679
5107743 ;1900
5107750 ;3908
5107768 ;2491
5107776 ;7397
5107792 ;3754
5107800 ;18463
5107859 ;10625
5107875 ;18094
5107883 ;1365
5107909 ;113099
5107925 ;66521
5107941 ;9932
5107958 ;83431
5108006 ;10392
5108055 ;11291
5108105 ;3418
5108204 ;4071
5108303 ;3760
5108352 ;3052
5108402 ;252596
5108501 ;10235
5108600 ;21382
5108808 ;4932
5108857 ;2951
5108907 ;6590
5108956 ;8093
5200050 ;6876
5200100 ;15757
5200134 ;20279
5200159 ;2477
5200175 ;5090
5200209 ;2013
5200258 ;159378
5200308 ;23814
5200506 ;2051
5200555 ;4505
5200605 ;6885
5200803 ;8084
5200829 ;3434
5200852 ;5508
5200902 ;3609
5201108 ;334613
5201207 ;1020
5201306 ;20239
5201405 ;455657
5201454 ;2427
5201504 ;3803
5201603 ;3802
5201702 ;18305
5201801 ;8365
5202155 ;7510
5202353 ;3277
5202502 ;7496
5202601 ;3650
5202809 ;2450
5203104 ;3714
5203203 ;8716
5203302 ;24554
5203401 ;8423
5203500 ;20727
5203559 ;7536
5203575 ;3503
5203609 ;3232
5203807 ;5509
5203906 ;9054
5203939 ;2560
5203962 ;3321
5204003 ;7354
5204102 ;10553
5204201 ;1417
5204250 ;8254
5204300 ;13283
5204409 ;16757
5204508 ;70473
5204557 ;3325
5204607 ;3387
5204656 ;3656
5204706 ;11111
5204805 ;6060
5204854 ;6241
5204904 ;18410
5204953 ;5020
5205000 ;8928
5205059 ;3638
5205109 ;86647
5205208 ;4686
5205307 ;9392
5205406 ;20722
5205455 ;7545
5205471 ;7001
5205497 ;55915
5205513 ;17407
5205521 ;3523
5205703 ;2632
5205802 ;10361
5205901 ;8181
5206206 ;46580
5206305 ;2932
5206404 ;15760
5206503 ;3555
5206602 ;2964
5206701 ;3292
5206800 ;2747
5206909 ;2056
5207105 ;2479
5207253 ;7892
5207352 ;3733
5207402 ;11266
5207501 ;3320
5207535 ;6983
5207600 ;6322
5207808 ;11580
5207907 ;12066
5208004 ;100085
5208103 ;4883
5208152 ;3275
5208301 ;4962
5208400 ;10695
5208509 ;5265
5208608 ;59549
5208707 ;1302001
5208806 ;34060
5208905 ;24727
5209101 ;32492
5209150 ;4949
5209200 ;13976
5209291 ;2376
5209408 ;4258
5209457 ;2299
5209606 ;3571
5209705 ;17398
5209804 ;4029
5209903 ;12427
5209937 ;5699
5209952 ;13687
5210000 ;48246
5210109 ;24735
5210158 ;2844
5210208 ;31274
5210307 ;2887
5210406 ;35371
5210562 ;4513
5210604 ;5437
5210802 ;5062
5210901 ;18458
5211008 ;7835
5211206 ;26125
5211305 ;6300
5211404 ;8575
5211503 ;92883
5211602 ;2663
5211701 ;6164
5211800 ;41870
5211909 ;88006
5212006 ;3000
5212055 ;2300
5212105 ;7118
5212204 ;19153
5212253 ;1254
5212303 ;7882
5212501 ;174531
5212600 ;2374
5212709 ;6871
5212808 ;10649
5212907 ;2072
5212956 ;4414
5213004 ;11521
5213053 ;2685
5213087 ;31154
5213103 ;52935
5213400 ;1763
5213509 ;7730
5213707 ;7987
5213756 ;10572
5213772 ;4122
5213806 ;41460
5213855 ;2356
5213905 ;5007
5214002 ;13404
5214051 ;6438
5214101 ;3849
5214408 ;7874
5214507 ;24210
5214606 ;42361
5214705 ;2259
5214804 ;2062
5214838 ;11927
5214861 ;8508
5214879 ;2826
5214903 ;3471
5215009 ;8129
5215207 ;3519
5215231 ;95018
5215256 ;3956
5215306 ;14300
5215405 ;4034
5215504 ;5467
5215603 ;27671
5215652 ;3371
5215702 ;23338
5215801 ;2335
5215900 ;3557
5216007 ;2682
5216304 ;9100
5216403 ;10863
5216452 ;2950
5216809 ;10283
5216908 ;2773
5217104 ;24026
5217203 ;11266
5217302 ;23006
5217401 ;28762
5217609 ;81649
5217708 ;17121
5218003 ;42355
5218052 ;3347
5218102 ;3839
5218300 ;31419
5218391 ;3239
5218508 ;43220
5218607 ;10523
5218706 ;4566
5218789 ;3312
5218805 ;176424
5218904 ;18915
5219001 ;7550
5219100 ;5751
5219209 ;3142
5219258 ;4762
5219308 ;36469
5219357 ;3686
5219407 ;6924
5219456 ;3173
5219506 ;2909
5219605 ;3995
5219704 ;10302
5219712 ;4423
5219738 ;4703
5219753 ;63248
5219803 ;11272
5219902 ;6120
5220009 ;10257
5220058 ;1689
5220108 ;30034
5220157 ;4617
5220207 ;22283
5220264 ;3757
5220280 ;1991
5220405 ;17088
5220454 ;84443
5220504 ;7481
5220603 ;19089
5220686 ;6514
5220702 ;2825
5221007 ;3541
5221080 ;3016
5221197 ;6561
5221304 ;2819
5221403 ;104488
5221452 ;3452
5221502 ;4839
5221551 ;4399
5221577 ;2933
5221601 ;36929
5221700 ;13826
5221809 ;3074
5221858 ;132982
5221908 ;3659
5222005 ;12548
5222054 ;7371
5222203 ;4735
5222302 ;5145
5300108 ;2570160
